/home/gloryi/Documents/SpecialFiles/stocks_data/cm_60/GBRIDXGBP60.csv,29696
/home/gloryi/Documents/SpecialFiles/stocks_data/cm_60/GBRIDXGBP60.csv,29726
/home/gloryi/Documents/SpecialFiles/stocks_data/cm_60/GBRIDXGBP60.csv,29756
/home/gloryi/Documents/SpecialFiles/stocks_data/cm_60/GBRIDXGBP60.csv,29786
/home/gloryi/Documents/SpecialFiles/stocks_data/cm_60/GBRIDXGBP60.csv,29816
/home/gloryi/Documents/SpecialFiles/stocks_data/cm_60/USA500IDXUSD60.csv,34870
/home/gloryi/Documents/SpecialFiles/stocks_data/cm_60/USA500IDXUSD60.csv,34900
/home/gloryi/Documents/SpecialFiles/stocks_data/cm_60/USA500IDXUSD60.csv,34930
/home/gloryi/Documents/SpecialFiles/stocks_data/cm_60/USA500IDXUSD60.csv,34960
/home/gloryi/Documents/SpecialFiles/stocks_data/cm_60/USA500IDXUSD60.csv,34990
/home/gloryi/Documents/SpecialFiles/stocks_data/cm_60/XAUUSD60.csv,58125
/home/gloryi/Documents/SpecialFiles/stocks_data/cm_60/XAUUSD60.csv,58155
/home/gloryi/Documents/SpecialFiles/stocks_data/cm_60/XAUUSD60.csv,58185
/home/gloryi/Documents/SpecialFiles/stocks_data/cm_60/XAUUSD60.csv,58215
/home/gloryi/Documents/SpecialFiles/stocks_data/cm_60/XAUUSD60.csv,58245
/home/gloryi/Documents/SpecialFiles/stocks_data/cm_60/USATECHIDXUSD60.csv,59311
/home/gloryi/Documents/SpecialFiles/stocks_data/cm_60/USATECHIDXUSD60.csv,59341
/home/gloryi/Documents/SpecialFiles/stocks_data/cm_60/USATECHIDXUSD60.csv,59371
/home/gloryi/Documents/SpecialFiles/stocks_data/cm_60/USATECHIDXUSD60.csv,59401
/home/gloryi/Documents/SpecialFiles/stocks_data/cm_60/USATECHIDXUSD60.csv,59431
/home/gloryi/Documents/SpecialFiles/stocks_data/cm_60/USA500IDXUSD60.csv,38761
/home/gloryi/Documents/SpecialFiles/stocks_data/cm_60/USA500IDXUSD60.csv,38791
/home/gloryi/Documents/SpecialFiles/stocks_data/cm_60/USA500IDXUSD60.csv,38821
/home/gloryi/Documents/SpecialFiles/stocks_data/cm_60/USA500IDXUSD60.csv,38851
/home/gloryi/Documents/SpecialFiles/stocks_data/cm_60/USA500IDXUSD60.csv,38881
/home/gloryi/Documents/SpecialFiles/stocks_data/cm_60/USA500IDXUSD60.csv,27848
/home/gloryi/Documents/SpecialFiles/stocks_data/cm_60/USA500IDXUSD60.csv,27878
/home/gloryi/Documents/SpecialFiles/stocks_data/cm_60/USA500IDXUSD60.csv,27908
/home/gloryi/Documents/SpecialFiles/stocks_data/cm_60/USA500IDXUSD60.csv,27938
/home/gloryi/Documents/SpecialFiles/stocks_data/cm_60/USA500IDXUSD60.csv,27968
/home/gloryi/Documents/SpecialFiles/stocks_data/cm_60/USATECHIDXUSD60.csv,60668
/home/gloryi/Documents/SpecialFiles/stocks_data/cm_60/USATECHIDXUSD60.csv,60698
/home/gloryi/Documents/SpecialFiles/stocks_data/cm_60/USATECHIDXUSD60.csv,60728
/home/gloryi/Documents/SpecialFiles/stocks_data/cm_60/USATECHIDXUSD60.csv,60758
/home/gloryi/Documents/SpecialFiles/stocks_data/cm_60/USATECHIDXUSD60.csv,60788
/home/gloryi/Documents/SpecialFiles/stocks_data/cm_60/USA500IDXUSD60.csv,41139
/home/gloryi/Documents/SpecialFiles/stocks_data/cm_60/USA500IDXUSD60.csv,41169
/home/gloryi/Documents/SpecialFiles/stocks_data/cm_60/USA500IDXUSD60.csv,41199
/home/gloryi/Documents/SpecialFiles/stocks_data/cm_60/USA500IDXUSD60.csv,41229
/home/gloryi/Documents/SpecialFiles/stocks_data/cm_60/USA500IDXUSD60.csv,41259
/home/gloryi/Documents/SpecialFiles/stocks_data/cm_60/USATECHIDXUSD60.csv,35045
/home/gloryi/Documents/SpecialFiles/stocks_data/cm_60/USATECHIDXUSD60.csv,35075
/home/gloryi/Documents/SpecialFiles/stocks_data/cm_60/USATECHIDXUSD60.csv,35105
/home/gloryi/Documents/SpecialFiles/stocks_data/cm_60/USATECHIDXUSD60.csv,35135
/home/gloryi/Documents/SpecialFiles/stocks_data/cm_60/USATECHIDXUSD60.csv,35165
/home/gloryi/Documents/SpecialFiles/stocks_data/cm_60/XAUUSD60.csv,15290
/home/gloryi/Documents/SpecialFiles/stocks_data/cm_60/XAUUSD60.csv,15320
/home/gloryi/Documents/SpecialFiles/stocks_data/cm_60/XAUUSD60.csv,15350
/home/gloryi/Documents/SpecialFiles/stocks_data/cm_60/XAUUSD60.csv,15380
/home/gloryi/Documents/SpecialFiles/stocks_data/cm_60/XAUUSD60.csv,15410
/home/gloryi/Documents/SpecialFiles/stocks_data/cm_60/GBRIDXGBP60.csv,12851
/home/gloryi/Documents/SpecialFiles/stocks_data/cm_60/GBRIDXGBP60.csv,12881
/home/gloryi/Documents/SpecialFiles/stocks_data/cm_60/GBRIDXGBP60.csv,12911
/home/gloryi/Documents/SpecialFiles/stocks_data/cm_60/GBRIDXGBP60.csv,12941
/home/gloryi/Documents/SpecialFiles/stocks_data/cm_60/GBRIDXGBP60.csv,12971
/home/gloryi/Documents/SpecialFiles/stocks_data/cm_60/GBRIDXGBP60.csv,13552
/home/gloryi/Documents/SpecialFiles/stocks_data/cm_60/GBRIDXGBP60.csv,13582
/home/gloryi/Documents/SpecialFiles/stocks_data/cm_60/GBRIDXGBP60.csv,13612
/home/gloryi/Documents/SpecialFiles/stocks_data/cm_60/GBRIDXGBP60.csv,13642
/home/gloryi/Documents/SpecialFiles/stocks_data/cm_60/GBRIDXGBP60.csv,13672
/home/gloryi/Documents/SpecialFiles/stocks_data/cm_60/USATECHIDXUSD60.csv,66932
/home/gloryi/Documents/SpecialFiles/stocks_data/cm_60/USATECHIDXUSD60.csv,66962
/home/gloryi/Documents/SpecialFiles/stocks_data/cm_60/USATECHIDXUSD60.csv,66992
/home/gloryi/Documents/SpecialFiles/stocks_data/cm_60/USATECHIDXUSD60.csv,67022
/home/gloryi/Documents/SpecialFiles/stocks_data/cm_60/USATECHIDXUSD60.csv,67052
/home/gloryi/Documents/SpecialFiles/stocks_data/cm_60/XAUUSD60.csv,36896
/home/gloryi/Documents/SpecialFiles/stocks_data/cm_60/XAUUSD60.csv,36926
/home/gloryi/Documents/SpecialFiles/stocks_data/cm_60/XAUUSD60.csv,36956
/home/gloryi/Documents/SpecialFiles/stocks_data/cm_60/XAUUSD60.csv,36986
/home/gloryi/Documents/SpecialFiles/stocks_data/cm_60/XAUUSD60.csv,37016
/home/gloryi/Documents/SpecialFiles/stocks_data/cm_60/XAUUSD60.csv,56143
/home/gloryi/Documents/SpecialFiles/stocks_data/cm_60/XAUUSD60.csv,56173
/home/gloryi/Documents/SpecialFiles/stocks_data/cm_60/XAUUSD60.csv,56203
/home/gloryi/Documents/SpecialFiles/stocks_data/cm_60/XAUUSD60.csv,56233
/home/gloryi/Documents/SpecialFiles/stocks_data/cm_60/XAUUSD60.csv,56263
/home/gloryi/Documents/SpecialFiles/stocks_data/cm_60/GBRIDXGBP60.csv,69945
/home/gloryi/Documents/SpecialFiles/stocks_data/cm_60/GBRIDXGBP60.csv,69975
/home/gloryi/Documents/SpecialFiles/stocks_data/cm_60/GBRIDXGBP60.csv,70005
/home/gloryi/Documents/SpecialFiles/stocks_data/cm_60/GBRIDXGBP60.csv,70035
/home/gloryi/Documents/SpecialFiles/stocks_data/cm_60/GBRIDXGBP60.csv,70065
/home/gloryi/Documents/SpecialFiles/stocks_data/cm_60/USA500IDXUSD60.csv,39744
/home/gloryi/Documents/SpecialFiles/stocks_data/cm_60/USA500IDXUSD60.csv,39774
/home/gloryi/Documents/SpecialFiles/stocks_data/cm_60/USA500IDXUSD60.csv,39804
/home/gloryi/Documents/SpecialFiles/stocks_data/cm_60/USA500IDXUSD60.csv,39834
/home/gloryi/Documents/SpecialFiles/stocks_data/cm_60/USA500IDXUSD60.csv,39864
/home/gloryi/Documents/SpecialFiles/stocks_data/cm_60/USA500IDXUSD60.csv,17022
/home/gloryi/Documents/SpecialFiles/stocks_data/cm_60/USA500IDXUSD60.csv,17052
/home/gloryi/Documents/SpecialFiles/stocks_data/cm_60/USA500IDXUSD60.csv,17082
/home/gloryi/Documents/SpecialFiles/stocks_data/cm_60/USA500IDXUSD60.csv,17112
/home/gloryi/Documents/SpecialFiles/stocks_data/cm_60/USA500IDXUSD60.csv,17142
/home/gloryi/Documents/SpecialFiles/stocks_data/cm_60/USATECHIDXUSD60.csv,77690
/home/gloryi/Documents/SpecialFiles/stocks_data/cm_60/USATECHIDXUSD60.csv,77720
/home/gloryi/Documents/SpecialFiles/stocks_data/cm_60/USATECHIDXUSD60.csv,77750
/home/gloryi/Documents/SpecialFiles/stocks_data/cm_60/USATECHIDXUSD60.csv,77780
/home/gloryi/Documents/SpecialFiles/stocks_data/cm_60/USATECHIDXUSD60.csv,77810
/home/gloryi/Documents/SpecialFiles/stocks_data/cm_60/USATECHIDXUSD60.csv,64804
/home/gloryi/Documents/SpecialFiles/stocks_data/cm_60/USATECHIDXUSD60.csv,64834
/home/gloryi/Documents/SpecialFiles/stocks_data/cm_60/USATECHIDXUSD60.csv,64864
/home/gloryi/Documents/SpecialFiles/stocks_data/cm_60/USATECHIDXUSD60.csv,64894
/home/gloryi/Documents/SpecialFiles/stocks_data/cm_60/USATECHIDXUSD60.csv,64924
/home/gloryi/Documents/SpecialFiles/stocks_data/cm_60/XAUUSD60.csv,55861
/home/gloryi/Documents/SpecialFiles/stocks_data/cm_60/XAUUSD60.csv,55891
/home/gloryi/Documents/SpecialFiles/stocks_data/cm_60/XAUUSD60.csv,55921
/home/gloryi/Documents/SpecialFiles/stocks_data/cm_60/XAUUSD60.csv,55951
/home/gloryi/Documents/SpecialFiles/stocks_data/cm_60/XAUUSD60.csv,55981
/home/gloryi/Documents/SpecialFiles/stocks_data/cm_60/USATECHIDXUSD60.csv,37737
/home/gloryi/Documents/SpecialFiles/stocks_data/cm_60/USATECHIDXUSD60.csv,37767
/home/gloryi/Documents/SpecialFiles/stocks_data/cm_60/USATECHIDXUSD60.csv,37797
/home/gloryi/Documents/SpecialFiles/stocks_data/cm_60/USATECHIDXUSD60.csv,37827
/home/gloryi/Documents/SpecialFiles/stocks_data/cm_60/USATECHIDXUSD60.csv,37857
/home/gloryi/Documents/SpecialFiles/stocks_data/cm_60/GBRIDXGBP60.csv,17240
/home/gloryi/Documents/SpecialFiles/stocks_data/cm_60/GBRIDXGBP60.csv,17270
/home/gloryi/Documents/SpecialFiles/stocks_data/cm_60/GBRIDXGBP60.csv,17300
/home/gloryi/Documents/SpecialFiles/stocks_data/cm_60/GBRIDXGBP60.csv,17330
/home/gloryi/Documents/SpecialFiles/stocks_data/cm_60/GBRIDXGBP60.csv,17360
/home/gloryi/Documents/SpecialFiles/stocks_data/cm_60/USA500IDXUSD60.csv,12079
/home/gloryi/Documents/SpecialFiles/stocks_data/cm_60/USA500IDXUSD60.csv,12109
/home/gloryi/Documents/SpecialFiles/stocks_data/cm_60/USA500IDXUSD60.csv,12139
/home/gloryi/Documents/SpecialFiles/stocks_data/cm_60/USA500IDXUSD60.csv,12169
/home/gloryi/Documents/SpecialFiles/stocks_data/cm_60/USA500IDXUSD60.csv,12199
/home/gloryi/Documents/SpecialFiles/stocks_data/cm_60/USATECHIDXUSD60.csv,56753
/home/gloryi/Documents/SpecialFiles/stocks_data/cm_60/USATECHIDXUSD60.csv,56783
/home/gloryi/Documents/SpecialFiles/stocks_data/cm_60/USATECHIDXUSD60.csv,56813
/home/gloryi/Documents/SpecialFiles/stocks_data/cm_60/USATECHIDXUSD60.csv,56843
/home/gloryi/Documents/SpecialFiles/stocks_data/cm_60/USATECHIDXUSD60.csv,56873
/home/gloryi/Documents/SpecialFiles/stocks_data/cm_60/USATECHIDXUSD60.csv,10322
/home/gloryi/Documents/SpecialFiles/stocks_data/cm_60/USATECHIDXUSD60.csv,10352
/home/gloryi/Documents/SpecialFiles/stocks_data/cm_60/USATECHIDXUSD60.csv,10382
/home/gloryi/Documents/SpecialFiles/stocks_data/cm_60/USATECHIDXUSD60.csv,10412
/home/gloryi/Documents/SpecialFiles/stocks_data/cm_60/USATECHIDXUSD60.csv,10442
/home/gloryi/Documents/SpecialFiles/stocks_data/cm_60/USA500IDXUSD60.csv,55397
/home/gloryi/Documents/SpecialFiles/stocks_data/cm_60/USA500IDXUSD60.csv,55427
/home/gloryi/Documents/SpecialFiles/stocks_data/cm_60/USA500IDXUSD60.csv,55457
/home/gloryi/Documents/SpecialFiles/stocks_data/cm_60/USA500IDXUSD60.csv,55487
/home/gloryi/Documents/SpecialFiles/stocks_data/cm_60/USA500IDXUSD60.csv,55517
/home/gloryi/Documents/SpecialFiles/stocks_data/cm_60/USA500IDXUSD60.csv,42182
/home/gloryi/Documents/SpecialFiles/stocks_data/cm_60/USA500IDXUSD60.csv,42212
/home/gloryi/Documents/SpecialFiles/stocks_data/cm_60/USA500IDXUSD60.csv,42242
/home/gloryi/Documents/SpecialFiles/stocks_data/cm_60/USA500IDXUSD60.csv,42272
/home/gloryi/Documents/SpecialFiles/stocks_data/cm_60/USA500IDXUSD60.csv,42302
/home/gloryi/Documents/SpecialFiles/stocks_data/cm_60/USATECHIDXUSD60.csv,34560
/home/gloryi/Documents/SpecialFiles/stocks_data/cm_60/USATECHIDXUSD60.csv,34590
/home/gloryi/Documents/SpecialFiles/stocks_data/cm_60/USATECHIDXUSD60.csv,34620
/home/gloryi/Documents/SpecialFiles/stocks_data/cm_60/USATECHIDXUSD60.csv,34650
/home/gloryi/Documents/SpecialFiles/stocks_data/cm_60/USATECHIDXUSD60.csv,34680
/home/gloryi/Documents/SpecialFiles/stocks_data/cm_60/USA500IDXUSD60.csv,72123
/home/gloryi/Documents/SpecialFiles/stocks_data/cm_60/USA500IDXUSD60.csv,72153
/home/gloryi/Documents/SpecialFiles/stocks_data/cm_60/USA500IDXUSD60.csv,72183
/home/gloryi/Documents/SpecialFiles/stocks_data/cm_60/USA500IDXUSD60.csv,72213
/home/gloryi/Documents/SpecialFiles/stocks_data/cm_60/USA500IDXUSD60.csv,72243
/home/gloryi/Documents/SpecialFiles/stocks_data/cm_60/USATECHIDXUSD60.csv,21542
/home/gloryi/Documents/SpecialFiles/stocks_data/cm_60/USATECHIDXUSD60.csv,21572
/home/gloryi/Documents/SpecialFiles/stocks_data/cm_60/USATECHIDXUSD60.csv,21602
/home/gloryi/Documents/SpecialFiles/stocks_data/cm_60/USATECHIDXUSD60.csv,21632
/home/gloryi/Documents/SpecialFiles/stocks_data/cm_60/USATECHIDXUSD60.csv,21662
/home/gloryi/Documents/SpecialFiles/stocks_data/cm_60/USA500IDXUSD60.csv,39470
/home/gloryi/Documents/SpecialFiles/stocks_data/cm_60/USA500IDXUSD60.csv,39500
/home/gloryi/Documents/SpecialFiles/stocks_data/cm_60/USA500IDXUSD60.csv,39530
/home/gloryi/Documents/SpecialFiles/stocks_data/cm_60/USA500IDXUSD60.csv,39560
/home/gloryi/Documents/SpecialFiles/stocks_data/cm_60/USA500IDXUSD60.csv,39590
/home/gloryi/Documents/SpecialFiles/stocks_data/cm_60/USA500IDXUSD60.csv,82238
/home/gloryi/Documents/SpecialFiles/stocks_data/cm_60/USA500IDXUSD60.csv,82268
/home/gloryi/Documents/SpecialFiles/stocks_data/cm_60/USA500IDXUSD60.csv,82298
/home/gloryi/Documents/SpecialFiles/stocks_data/cm_60/USA500IDXUSD60.csv,82328
/home/gloryi/Documents/SpecialFiles/stocks_data/cm_60/USA500IDXUSD60.csv,82358
/home/gloryi/Documents/SpecialFiles/stocks_data/cm_60/GBRIDXGBP60.csv,78600
/home/gloryi/Documents/SpecialFiles/stocks_data/cm_60/GBRIDXGBP60.csv,78630
/home/gloryi/Documents/SpecialFiles/stocks_data/cm_60/GBRIDXGBP60.csv,78660
/home/gloryi/Documents/SpecialFiles/stocks_data/cm_60/GBRIDXGBP60.csv,78690
/home/gloryi/Documents/SpecialFiles/stocks_data/cm_60/GBRIDXGBP60.csv,78720
/home/gloryi/Documents/SpecialFiles/stocks_data/cm_60/GBRIDXGBP60.csv,80231
/home/gloryi/Documents/SpecialFiles/stocks_data/cm_60/GBRIDXGBP60.csv,80261
/home/gloryi/Documents/SpecialFiles/stocks_data/cm_60/GBRIDXGBP60.csv,80291
/home/gloryi/Documents/SpecialFiles/stocks_data/cm_60/GBRIDXGBP60.csv,80321
/home/gloryi/Documents/SpecialFiles/stocks_data/cm_60/GBRIDXGBP60.csv,80351
/home/gloryi/Documents/SpecialFiles/stocks_data/cm_60/XAUUSD60.csv,81163
/home/gloryi/Documents/SpecialFiles/stocks_data/cm_60/XAUUSD60.csv,81193
/home/gloryi/Documents/SpecialFiles/stocks_data/cm_60/XAUUSD60.csv,81223
/home/gloryi/Documents/SpecialFiles/stocks_data/cm_60/XAUUSD60.csv,81253
/home/gloryi/Documents/SpecialFiles/stocks_data/cm_60/XAUUSD60.csv,81283
/home/gloryi/Documents/SpecialFiles/stocks_data/cm_60/USATECHIDXUSD60.csv,46290
/home/gloryi/Documents/SpecialFiles/stocks_data/cm_60/USATECHIDXUSD60.csv,46320
/home/gloryi/Documents/SpecialFiles/stocks_data/cm_60/USATECHIDXUSD60.csv,46350
/home/gloryi/Documents/SpecialFiles/stocks_data/cm_60/USATECHIDXUSD60.csv,46380
/home/gloryi/Documents/SpecialFiles/stocks_data/cm_60/USATECHIDXUSD60.csv,46410
/home/gloryi/Documents/SpecialFiles/stocks_data/cm_60/GBRIDXGBP60.csv,78698
/home/gloryi/Documents/SpecialFiles/stocks_data/cm_60/GBRIDXGBP60.csv,78728
/home/gloryi/Documents/SpecialFiles/stocks_data/cm_60/GBRIDXGBP60.csv,78758
/home/gloryi/Documents/SpecialFiles/stocks_data/cm_60/GBRIDXGBP60.csv,78788
/home/gloryi/Documents/SpecialFiles/stocks_data/cm_60/GBRIDXGBP60.csv,78818
/home/gloryi/Documents/SpecialFiles/stocks_data/cm_60/GBRIDXGBP60.csv,84883
/home/gloryi/Documents/SpecialFiles/stocks_data/cm_60/GBRIDXGBP60.csv,84913
/home/gloryi/Documents/SpecialFiles/stocks_data/cm_60/GBRIDXGBP60.csv,84943
/home/gloryi/Documents/SpecialFiles/stocks_data/cm_60/GBRIDXGBP60.csv,84973
/home/gloryi/Documents/SpecialFiles/stocks_data/cm_60/GBRIDXGBP60.csv,85003
/home/gloryi/Documents/SpecialFiles/stocks_data/cm_60/GBRIDXGBP60.csv,55987
/home/gloryi/Documents/SpecialFiles/stocks_data/cm_60/GBRIDXGBP60.csv,56017
/home/gloryi/Documents/SpecialFiles/stocks_data/cm_60/GBRIDXGBP60.csv,56047
/home/gloryi/Documents/SpecialFiles/stocks_data/cm_60/GBRIDXGBP60.csv,56077
/home/gloryi/Documents/SpecialFiles/stocks_data/cm_60/GBRIDXGBP60.csv,56107
/home/gloryi/Documents/SpecialFiles/stocks_data/cm_60/GBRIDXGBP60.csv,47454
/home/gloryi/Documents/SpecialFiles/stocks_data/cm_60/GBRIDXGBP60.csv,47484
/home/gloryi/Documents/SpecialFiles/stocks_data/cm_60/GBRIDXGBP60.csv,47514
/home/gloryi/Documents/SpecialFiles/stocks_data/cm_60/GBRIDXGBP60.csv,47544
/home/gloryi/Documents/SpecialFiles/stocks_data/cm_60/GBRIDXGBP60.csv,47574
/home/gloryi/Documents/SpecialFiles/stocks_data/cm_60/XAUUSD60.csv,71385
/home/gloryi/Documents/SpecialFiles/stocks_data/cm_60/XAUUSD60.csv,71415
/home/gloryi/Documents/SpecialFiles/stocks_data/cm_60/XAUUSD60.csv,71445
/home/gloryi/Documents/SpecialFiles/stocks_data/cm_60/XAUUSD60.csv,71475
/home/gloryi/Documents/SpecialFiles/stocks_data/cm_60/XAUUSD60.csv,71505
/home/gloryi/Documents/SpecialFiles/stocks_data/cm_60/GBRIDXGBP60.csv,82861
/home/gloryi/Documents/SpecialFiles/stocks_data/cm_60/GBRIDXGBP60.csv,82891
/home/gloryi/Documents/SpecialFiles/stocks_data/cm_60/GBRIDXGBP60.csv,82921
/home/gloryi/Documents/SpecialFiles/stocks_data/cm_60/GBRIDXGBP60.csv,82951
/home/gloryi/Documents/SpecialFiles/stocks_data/cm_60/GBRIDXGBP60.csv,82981
/home/gloryi/Documents/SpecialFiles/stocks_data/cm_60/USATECHIDXUSD60.csv,34676
/home/gloryi/Documents/SpecialFiles/stocks_data/cm_60/USATECHIDXUSD60.csv,34706
/home/gloryi/Documents/SpecialFiles/stocks_data/cm_60/USATECHIDXUSD60.csv,34736
/home/gloryi/Documents/SpecialFiles/stocks_data/cm_60/USATECHIDXUSD60.csv,34766
/home/gloryi/Documents/SpecialFiles/stocks_data/cm_60/USATECHIDXUSD60.csv,34796
/home/gloryi/Documents/SpecialFiles/stocks_data/cm_60/USA500IDXUSD60.csv,84524
/home/gloryi/Documents/SpecialFiles/stocks_data/cm_60/USA500IDXUSD60.csv,84554
/home/gloryi/Documents/SpecialFiles/stocks_data/cm_60/USA500IDXUSD60.csv,84584
/home/gloryi/Documents/SpecialFiles/stocks_data/cm_60/USA500IDXUSD60.csv,84614
/home/gloryi/Documents/SpecialFiles/stocks_data/cm_60/USA500IDXUSD60.csv,84644
/home/gloryi/Documents/SpecialFiles/stocks_data/cm_60/GBRIDXGBP60.csv,72720
/home/gloryi/Documents/SpecialFiles/stocks_data/cm_60/GBRIDXGBP60.csv,72750
/home/gloryi/Documents/SpecialFiles/stocks_data/cm_60/GBRIDXGBP60.csv,72780
/home/gloryi/Documents/SpecialFiles/stocks_data/cm_60/GBRIDXGBP60.csv,72810
/home/gloryi/Documents/SpecialFiles/stocks_data/cm_60/GBRIDXGBP60.csv,72840
/home/gloryi/Documents/SpecialFiles/stocks_data/cm_60/XAUUSD60.csv,32843
/home/gloryi/Documents/SpecialFiles/stocks_data/cm_60/XAUUSD60.csv,32873
/home/gloryi/Documents/SpecialFiles/stocks_data/cm_60/XAUUSD60.csv,32903
/home/gloryi/Documents/SpecialFiles/stocks_data/cm_60/XAUUSD60.csv,32933
/home/gloryi/Documents/SpecialFiles/stocks_data/cm_60/XAUUSD60.csv,32963
/home/gloryi/Documents/SpecialFiles/stocks_data/cm_60/USATECHIDXUSD60.csv,72770
/home/gloryi/Documents/SpecialFiles/stocks_data/cm_60/USATECHIDXUSD60.csv,72800
/home/gloryi/Documents/SpecialFiles/stocks_data/cm_60/USATECHIDXUSD60.csv,72830
/home/gloryi/Documents/SpecialFiles/stocks_data/cm_60/USATECHIDXUSD60.csv,72860
/home/gloryi/Documents/SpecialFiles/stocks_data/cm_60/USATECHIDXUSD60.csv,72890
/home/gloryi/Documents/SpecialFiles/stocks_data/cm_60/GBRIDXGBP60.csv,11760
/home/gloryi/Documents/SpecialFiles/stocks_data/cm_60/GBRIDXGBP60.csv,11790
/home/gloryi/Documents/SpecialFiles/stocks_data/cm_60/GBRIDXGBP60.csv,11820
/home/gloryi/Documents/SpecialFiles/stocks_data/cm_60/GBRIDXGBP60.csv,11850
/home/gloryi/Documents/SpecialFiles/stocks_data/cm_60/GBRIDXGBP60.csv,11880
/home/gloryi/Documents/SpecialFiles/stocks_data/cm_60/USATECHIDXUSD60.csv,63932
/home/gloryi/Documents/SpecialFiles/stocks_data/cm_60/USATECHIDXUSD60.csv,63962
/home/gloryi/Documents/SpecialFiles/stocks_data/cm_60/USATECHIDXUSD60.csv,63992
/home/gloryi/Documents/SpecialFiles/stocks_data/cm_60/USATECHIDXUSD60.csv,64022
/home/gloryi/Documents/SpecialFiles/stocks_data/cm_60/USATECHIDXUSD60.csv,64052
/home/gloryi/Documents/SpecialFiles/stocks_data/cm_60/USATECHIDXUSD60.csv,24906
/home/gloryi/Documents/SpecialFiles/stocks_data/cm_60/USATECHIDXUSD60.csv,24936
/home/gloryi/Documents/SpecialFiles/stocks_data/cm_60/USATECHIDXUSD60.csv,24966
/home/gloryi/Documents/SpecialFiles/stocks_data/cm_60/USATECHIDXUSD60.csv,24996
/home/gloryi/Documents/SpecialFiles/stocks_data/cm_60/USATECHIDXUSD60.csv,25026
/home/gloryi/Documents/SpecialFiles/stocks_data/cm_60/GBRIDXGBP60.csv,53129
/home/gloryi/Documents/SpecialFiles/stocks_data/cm_60/GBRIDXGBP60.csv,53159
/home/gloryi/Documents/SpecialFiles/stocks_data/cm_60/GBRIDXGBP60.csv,53189
/home/gloryi/Documents/SpecialFiles/stocks_data/cm_60/GBRIDXGBP60.csv,53219
/home/gloryi/Documents/SpecialFiles/stocks_data/cm_60/GBRIDXGBP60.csv,53249
/home/gloryi/Documents/SpecialFiles/stocks_data/cm_60/XAUUSD60.csv,62997
/home/gloryi/Documents/SpecialFiles/stocks_data/cm_60/XAUUSD60.csv,63027
/home/gloryi/Documents/SpecialFiles/stocks_data/cm_60/XAUUSD60.csv,63057
/home/gloryi/Documents/SpecialFiles/stocks_data/cm_60/XAUUSD60.csv,63087
/home/gloryi/Documents/SpecialFiles/stocks_data/cm_60/XAUUSD60.csv,63117
/home/gloryi/Documents/SpecialFiles/stocks_data/cm_60/USATECHIDXUSD60.csv,59709
/home/gloryi/Documents/SpecialFiles/stocks_data/cm_60/USATECHIDXUSD60.csv,59739
/home/gloryi/Documents/SpecialFiles/stocks_data/cm_60/USATECHIDXUSD60.csv,59769
/home/gloryi/Documents/SpecialFiles/stocks_data/cm_60/USATECHIDXUSD60.csv,59799
/home/gloryi/Documents/SpecialFiles/stocks_data/cm_60/USATECHIDXUSD60.csv,59829
/home/gloryi/Documents/SpecialFiles/stocks_data/cm_60/USA500IDXUSD60.csv,10811
/home/gloryi/Documents/SpecialFiles/stocks_data/cm_60/USA500IDXUSD60.csv,10841
/home/gloryi/Documents/SpecialFiles/stocks_data/cm_60/USA500IDXUSD60.csv,10871
/home/gloryi/Documents/SpecialFiles/stocks_data/cm_60/USA500IDXUSD60.csv,10901
/home/gloryi/Documents/SpecialFiles/stocks_data/cm_60/USA500IDXUSD60.csv,10931
/home/gloryi/Documents/SpecialFiles/stocks_data/cm_60/USATECHIDXUSD60.csv,57438
/home/gloryi/Documents/SpecialFiles/stocks_data/cm_60/USATECHIDXUSD60.csv,57468
/home/gloryi/Documents/SpecialFiles/stocks_data/cm_60/USATECHIDXUSD60.csv,57498
/home/gloryi/Documents/SpecialFiles/stocks_data/cm_60/USATECHIDXUSD60.csv,57528
/home/gloryi/Documents/SpecialFiles/stocks_data/cm_60/USATECHIDXUSD60.csv,57558
/home/gloryi/Documents/SpecialFiles/stocks_data/cm_60/USATECHIDXUSD60.csv,19885
/home/gloryi/Documents/SpecialFiles/stocks_data/cm_60/USATECHIDXUSD60.csv,19915
/home/gloryi/Documents/SpecialFiles/stocks_data/cm_60/USATECHIDXUSD60.csv,19945
/home/gloryi/Documents/SpecialFiles/stocks_data/cm_60/USATECHIDXUSD60.csv,19975
/home/gloryi/Documents/SpecialFiles/stocks_data/cm_60/USATECHIDXUSD60.csv,20005
/home/gloryi/Documents/SpecialFiles/stocks_data/cm_60/XAUUSD60.csv,50575
/home/gloryi/Documents/SpecialFiles/stocks_data/cm_60/XAUUSD60.csv,50605
/home/gloryi/Documents/SpecialFiles/stocks_data/cm_60/XAUUSD60.csv,50635
/home/gloryi/Documents/SpecialFiles/stocks_data/cm_60/XAUUSD60.csv,50665
/home/gloryi/Documents/SpecialFiles/stocks_data/cm_60/XAUUSD60.csv,50695
/home/gloryi/Documents/SpecialFiles/stocks_data/cm_60/XAUUSD60.csv,75750
/home/gloryi/Documents/SpecialFiles/stocks_data/cm_60/XAUUSD60.csv,75780
/home/gloryi/Documents/SpecialFiles/stocks_data/cm_60/XAUUSD60.csv,75810
/home/gloryi/Documents/SpecialFiles/stocks_data/cm_60/XAUUSD60.csv,75840
/home/gloryi/Documents/SpecialFiles/stocks_data/cm_60/XAUUSD60.csv,75870
/home/gloryi/Documents/SpecialFiles/stocks_data/cm_60/USATECHIDXUSD60.csv,59742
/home/gloryi/Documents/SpecialFiles/stocks_data/cm_60/USATECHIDXUSD60.csv,59772
/home/gloryi/Documents/SpecialFiles/stocks_data/cm_60/USATECHIDXUSD60.csv,59802
/home/gloryi/Documents/SpecialFiles/stocks_data/cm_60/USATECHIDXUSD60.csv,59832
/home/gloryi/Documents/SpecialFiles/stocks_data/cm_60/USATECHIDXUSD60.csv,59862
/home/gloryi/Documents/SpecialFiles/stocks_data/cm_60/USATECHIDXUSD60.csv,28311
/home/gloryi/Documents/SpecialFiles/stocks_data/cm_60/USATECHIDXUSD60.csv,28341
/home/gloryi/Documents/SpecialFiles/stocks_data/cm_60/USATECHIDXUSD60.csv,28371
/home/gloryi/Documents/SpecialFiles/stocks_data/cm_60/USATECHIDXUSD60.csv,28401
/home/gloryi/Documents/SpecialFiles/stocks_data/cm_60/USATECHIDXUSD60.csv,28431
/home/gloryi/Documents/SpecialFiles/stocks_data/cm_60/GBRIDXGBP60.csv,33500
/home/gloryi/Documents/SpecialFiles/stocks_data/cm_60/GBRIDXGBP60.csv,33530
/home/gloryi/Documents/SpecialFiles/stocks_data/cm_60/GBRIDXGBP60.csv,33560
/home/gloryi/Documents/SpecialFiles/stocks_data/cm_60/GBRIDXGBP60.csv,33590
/home/gloryi/Documents/SpecialFiles/stocks_data/cm_60/GBRIDXGBP60.csv,33620
/home/gloryi/Documents/SpecialFiles/stocks_data/cm_60/USA500IDXUSD60.csv,89467
/home/gloryi/Documents/SpecialFiles/stocks_data/cm_60/USA500IDXUSD60.csv,89497
/home/gloryi/Documents/SpecialFiles/stocks_data/cm_60/USA500IDXUSD60.csv,89527
/home/gloryi/Documents/SpecialFiles/stocks_data/cm_60/USA500IDXUSD60.csv,89557
/home/gloryi/Documents/SpecialFiles/stocks_data/cm_60/USA500IDXUSD60.csv,89587
/home/gloryi/Documents/SpecialFiles/stocks_data/cm_60/GBRIDXGBP60.csv,22253
/home/gloryi/Documents/SpecialFiles/stocks_data/cm_60/GBRIDXGBP60.csv,22283
/home/gloryi/Documents/SpecialFiles/stocks_data/cm_60/GBRIDXGBP60.csv,22313
/home/gloryi/Documents/SpecialFiles/stocks_data/cm_60/GBRIDXGBP60.csv,22343
/home/gloryi/Documents/SpecialFiles/stocks_data/cm_60/GBRIDXGBP60.csv,22373
/home/gloryi/Documents/SpecialFiles/stocks_data/cm_60/XAUUSD60.csv,67636
/home/gloryi/Documents/SpecialFiles/stocks_data/cm_60/XAUUSD60.csv,67666
/home/gloryi/Documents/SpecialFiles/stocks_data/cm_60/XAUUSD60.csv,67696
/home/gloryi/Documents/SpecialFiles/stocks_data/cm_60/XAUUSD60.csv,67726
/home/gloryi/Documents/SpecialFiles/stocks_data/cm_60/XAUUSD60.csv,67756
/home/gloryi/Documents/SpecialFiles/stocks_data/cm_60/USATECHIDXUSD60.csv,81318
/home/gloryi/Documents/SpecialFiles/stocks_data/cm_60/USATECHIDXUSD60.csv,81348
/home/gloryi/Documents/SpecialFiles/stocks_data/cm_60/USATECHIDXUSD60.csv,81378
/home/gloryi/Documents/SpecialFiles/stocks_data/cm_60/USATECHIDXUSD60.csv,81408
/home/gloryi/Documents/SpecialFiles/stocks_data/cm_60/USATECHIDXUSD60.csv,81438
/home/gloryi/Documents/SpecialFiles/stocks_data/cm_60/XAUUSD60.csv,58814
/home/gloryi/Documents/SpecialFiles/stocks_data/cm_60/XAUUSD60.csv,58844
/home/gloryi/Documents/SpecialFiles/stocks_data/cm_60/XAUUSD60.csv,58874
/home/gloryi/Documents/SpecialFiles/stocks_data/cm_60/XAUUSD60.csv,58904
/home/gloryi/Documents/SpecialFiles/stocks_data/cm_60/XAUUSD60.csv,58934
/home/gloryi/Documents/SpecialFiles/stocks_data/cm_60/GBRIDXGBP60.csv,19049
/home/gloryi/Documents/SpecialFiles/stocks_data/cm_60/GBRIDXGBP60.csv,19079
/home/gloryi/Documents/SpecialFiles/stocks_data/cm_60/GBRIDXGBP60.csv,19109
/home/gloryi/Documents/SpecialFiles/stocks_data/cm_60/GBRIDXGBP60.csv,19139
/home/gloryi/Documents/SpecialFiles/stocks_data/cm_60/GBRIDXGBP60.csv,19169
/home/gloryi/Documents/SpecialFiles/stocks_data/cm_60/USA500IDXUSD60.csv,31616
/home/gloryi/Documents/SpecialFiles/stocks_data/cm_60/USA500IDXUSD60.csv,31646
/home/gloryi/Documents/SpecialFiles/stocks_data/cm_60/USA500IDXUSD60.csv,31676
/home/gloryi/Documents/SpecialFiles/stocks_data/cm_60/USA500IDXUSD60.csv,31706
/home/gloryi/Documents/SpecialFiles/stocks_data/cm_60/USA500IDXUSD60.csv,31736
/home/gloryi/Documents/SpecialFiles/stocks_data/cm_60/USA500IDXUSD60.csv,56600
/home/gloryi/Documents/SpecialFiles/stocks_data/cm_60/USA500IDXUSD60.csv,56630
/home/gloryi/Documents/SpecialFiles/stocks_data/cm_60/USA500IDXUSD60.csv,56660
/home/gloryi/Documents/SpecialFiles/stocks_data/cm_60/USA500IDXUSD60.csv,56690
/home/gloryi/Documents/SpecialFiles/stocks_data/cm_60/USA500IDXUSD60.csv,56720
/home/gloryi/Documents/SpecialFiles/stocks_data/cm_60/USA500IDXUSD60.csv,73978
/home/gloryi/Documents/SpecialFiles/stocks_data/cm_60/USA500IDXUSD60.csv,74008
/home/gloryi/Documents/SpecialFiles/stocks_data/cm_60/USA500IDXUSD60.csv,74038
/home/gloryi/Documents/SpecialFiles/stocks_data/cm_60/USA500IDXUSD60.csv,74068
/home/gloryi/Documents/SpecialFiles/stocks_data/cm_60/USA500IDXUSD60.csv,74098
/home/gloryi/Documents/SpecialFiles/stocks_data/cm_60/USA500IDXUSD60.csv,42315
/home/gloryi/Documents/SpecialFiles/stocks_data/cm_60/USA500IDXUSD60.csv,42345
/home/gloryi/Documents/SpecialFiles/stocks_data/cm_60/USA500IDXUSD60.csv,42375
/home/gloryi/Documents/SpecialFiles/stocks_data/cm_60/USA500IDXUSD60.csv,42405
/home/gloryi/Documents/SpecialFiles/stocks_data/cm_60/USA500IDXUSD60.csv,42435
/home/gloryi/Documents/SpecialFiles/stocks_data/cm_60/USA500IDXUSD60.csv,42210
/home/gloryi/Documents/SpecialFiles/stocks_data/cm_60/USA500IDXUSD60.csv,42240
/home/gloryi/Documents/SpecialFiles/stocks_data/cm_60/USA500IDXUSD60.csv,42270
/home/gloryi/Documents/SpecialFiles/stocks_data/cm_60/USA500IDXUSD60.csv,42300
/home/gloryi/Documents/SpecialFiles/stocks_data/cm_60/USA500IDXUSD60.csv,42330
/home/gloryi/Documents/SpecialFiles/stocks_data/cm_60/USATECHIDXUSD60.csv,48520
/home/gloryi/Documents/SpecialFiles/stocks_data/cm_60/USATECHIDXUSD60.csv,48550
/home/gloryi/Documents/SpecialFiles/stocks_data/cm_60/USATECHIDXUSD60.csv,48580
/home/gloryi/Documents/SpecialFiles/stocks_data/cm_60/USATECHIDXUSD60.csv,48610
/home/gloryi/Documents/SpecialFiles/stocks_data/cm_60/USATECHIDXUSD60.csv,48640
/home/gloryi/Documents/SpecialFiles/stocks_data/cm_60/GBRIDXGBP60.csv,21015
/home/gloryi/Documents/SpecialFiles/stocks_data/cm_60/GBRIDXGBP60.csv,21045
/home/gloryi/Documents/SpecialFiles/stocks_data/cm_60/GBRIDXGBP60.csv,21075
/home/gloryi/Documents/SpecialFiles/stocks_data/cm_60/GBRIDXGBP60.csv,21105
/home/gloryi/Documents/SpecialFiles/stocks_data/cm_60/GBRIDXGBP60.csv,21135
/home/gloryi/Documents/SpecialFiles/stocks_data/cm_60/USA500IDXUSD60.csv,70314
/home/gloryi/Documents/SpecialFiles/stocks_data/cm_60/USA500IDXUSD60.csv,70344
/home/gloryi/Documents/SpecialFiles/stocks_data/cm_60/USA500IDXUSD60.csv,70374
/home/gloryi/Documents/SpecialFiles/stocks_data/cm_60/USA500IDXUSD60.csv,70404
/home/gloryi/Documents/SpecialFiles/stocks_data/cm_60/USA500IDXUSD60.csv,70434
/home/gloryi/Documents/SpecialFiles/stocks_data/cm_60/USA500IDXUSD60.csv,19658
/home/gloryi/Documents/SpecialFiles/stocks_data/cm_60/USA500IDXUSD60.csv,19688
/home/gloryi/Documents/SpecialFiles/stocks_data/cm_60/USA500IDXUSD60.csv,19718
/home/gloryi/Documents/SpecialFiles/stocks_data/cm_60/USA500IDXUSD60.csv,19748
/home/gloryi/Documents/SpecialFiles/stocks_data/cm_60/USA500IDXUSD60.csv,19778
/home/gloryi/Documents/SpecialFiles/stocks_data/cm_60/XAUUSD60.csv,38695
/home/gloryi/Documents/SpecialFiles/stocks_data/cm_60/XAUUSD60.csv,38725
/home/gloryi/Documents/SpecialFiles/stocks_data/cm_60/XAUUSD60.csv,38755
/home/gloryi/Documents/SpecialFiles/stocks_data/cm_60/XAUUSD60.csv,38785
/home/gloryi/Documents/SpecialFiles/stocks_data/cm_60/XAUUSD60.csv,38815
/home/gloryi/Documents/SpecialFiles/stocks_data/cm_60/GBRIDXGBP60.csv,37010
/home/gloryi/Documents/SpecialFiles/stocks_data/cm_60/GBRIDXGBP60.csv,37040
/home/gloryi/Documents/SpecialFiles/stocks_data/cm_60/GBRIDXGBP60.csv,37070
/home/gloryi/Documents/SpecialFiles/stocks_data/cm_60/GBRIDXGBP60.csv,37100
/home/gloryi/Documents/SpecialFiles/stocks_data/cm_60/GBRIDXGBP60.csv,37130
/home/gloryi/Documents/SpecialFiles/stocks_data/cm_60/USATECHIDXUSD60.csv,50228
/home/gloryi/Documents/SpecialFiles/stocks_data/cm_60/USATECHIDXUSD60.csv,50258
/home/gloryi/Documents/SpecialFiles/stocks_data/cm_60/USATECHIDXUSD60.csv,50288
/home/gloryi/Documents/SpecialFiles/stocks_data/cm_60/USATECHIDXUSD60.csv,50318
/home/gloryi/Documents/SpecialFiles/stocks_data/cm_60/USATECHIDXUSD60.csv,50348
/home/gloryi/Documents/SpecialFiles/stocks_data/cm_60/USATECHIDXUSD60.csv,17469
/home/gloryi/Documents/SpecialFiles/stocks_data/cm_60/USATECHIDXUSD60.csv,17499
/home/gloryi/Documents/SpecialFiles/stocks_data/cm_60/USATECHIDXUSD60.csv,17529
/home/gloryi/Documents/SpecialFiles/stocks_data/cm_60/USATECHIDXUSD60.csv,17559
/home/gloryi/Documents/SpecialFiles/stocks_data/cm_60/USATECHIDXUSD60.csv,17589
/home/gloryi/Documents/SpecialFiles/stocks_data/cm_60/GBRIDXGBP60.csv,65633
/home/gloryi/Documents/SpecialFiles/stocks_data/cm_60/GBRIDXGBP60.csv,65663
/home/gloryi/Documents/SpecialFiles/stocks_data/cm_60/GBRIDXGBP60.csv,65693
/home/gloryi/Documents/SpecialFiles/stocks_data/cm_60/GBRIDXGBP60.csv,65723
/home/gloryi/Documents/SpecialFiles/stocks_data/cm_60/GBRIDXGBP60.csv,65753
/home/gloryi/Documents/SpecialFiles/stocks_data/cm_60/USATECHIDXUSD60.csv,10953
/home/gloryi/Documents/SpecialFiles/stocks_data/cm_60/USATECHIDXUSD60.csv,10983
/home/gloryi/Documents/SpecialFiles/stocks_data/cm_60/USATECHIDXUSD60.csv,11013
/home/gloryi/Documents/SpecialFiles/stocks_data/cm_60/USATECHIDXUSD60.csv,11043
/home/gloryi/Documents/SpecialFiles/stocks_data/cm_60/USATECHIDXUSD60.csv,11073
/home/gloryi/Documents/SpecialFiles/stocks_data/cm_60/USA500IDXUSD60.csv,76123
/home/gloryi/Documents/SpecialFiles/stocks_data/cm_60/USA500IDXUSD60.csv,76153
/home/gloryi/Documents/SpecialFiles/stocks_data/cm_60/USA500IDXUSD60.csv,76183
/home/gloryi/Documents/SpecialFiles/stocks_data/cm_60/USA500IDXUSD60.csv,76213
/home/gloryi/Documents/SpecialFiles/stocks_data/cm_60/USA500IDXUSD60.csv,76243
/home/gloryi/Documents/SpecialFiles/stocks_data/cm_60/USA500IDXUSD60.csv,17225
/home/gloryi/Documents/SpecialFiles/stocks_data/cm_60/USA500IDXUSD60.csv,17255
/home/gloryi/Documents/SpecialFiles/stocks_data/cm_60/USA500IDXUSD60.csv,17285
/home/gloryi/Documents/SpecialFiles/stocks_data/cm_60/USA500IDXUSD60.csv,17315
/home/gloryi/Documents/SpecialFiles/stocks_data/cm_60/USA500IDXUSD60.csv,17345
/home/gloryi/Documents/SpecialFiles/stocks_data/cm_60/USA500IDXUSD60.csv,30860
/home/gloryi/Documents/SpecialFiles/stocks_data/cm_60/USA500IDXUSD60.csv,30890
/home/gloryi/Documents/SpecialFiles/stocks_data/cm_60/USA500IDXUSD60.csv,30920
/home/gloryi/Documents/SpecialFiles/stocks_data/cm_60/USA500IDXUSD60.csv,30950
/home/gloryi/Documents/SpecialFiles/stocks_data/cm_60/USA500IDXUSD60.csv,30980
/home/gloryi/Documents/SpecialFiles/stocks_data/cm_60/USATECHIDXUSD60.csv,63134
/home/gloryi/Documents/SpecialFiles/stocks_data/cm_60/USATECHIDXUSD60.csv,63164
/home/gloryi/Documents/SpecialFiles/stocks_data/cm_60/USATECHIDXUSD60.csv,63194
/home/gloryi/Documents/SpecialFiles/stocks_data/cm_60/USATECHIDXUSD60.csv,63224
/home/gloryi/Documents/SpecialFiles/stocks_data/cm_60/USATECHIDXUSD60.csv,63254
/home/gloryi/Documents/SpecialFiles/stocks_data/cm_60/USATECHIDXUSD60.csv,51411
/home/gloryi/Documents/SpecialFiles/stocks_data/cm_60/USATECHIDXUSD60.csv,51441
/home/gloryi/Documents/SpecialFiles/stocks_data/cm_60/USATECHIDXUSD60.csv,51471
/home/gloryi/Documents/SpecialFiles/stocks_data/cm_60/USATECHIDXUSD60.csv,51501
/home/gloryi/Documents/SpecialFiles/stocks_data/cm_60/USATECHIDXUSD60.csv,51531
/home/gloryi/Documents/SpecialFiles/stocks_data/cm_60/USATECHIDXUSD60.csv,46034
/home/gloryi/Documents/SpecialFiles/stocks_data/cm_60/USATECHIDXUSD60.csv,46064
/home/gloryi/Documents/SpecialFiles/stocks_data/cm_60/USATECHIDXUSD60.csv,46094
/home/gloryi/Documents/SpecialFiles/stocks_data/cm_60/USATECHIDXUSD60.csv,46124
/home/gloryi/Documents/SpecialFiles/stocks_data/cm_60/USATECHIDXUSD60.csv,46154
/home/gloryi/Documents/SpecialFiles/stocks_data/cm_60/XAUUSD60.csv,54003
/home/gloryi/Documents/SpecialFiles/stocks_data/cm_60/XAUUSD60.csv,54033
/home/gloryi/Documents/SpecialFiles/stocks_data/cm_60/XAUUSD60.csv,54063
/home/gloryi/Documents/SpecialFiles/stocks_data/cm_60/XAUUSD60.csv,54093
/home/gloryi/Documents/SpecialFiles/stocks_data/cm_60/XAUUSD60.csv,54123
/home/gloryi/Documents/SpecialFiles/stocks_data/cm_60/USA500IDXUSD60.csv,80007
/home/gloryi/Documents/SpecialFiles/stocks_data/cm_60/USA500IDXUSD60.csv,80037
/home/gloryi/Documents/SpecialFiles/stocks_data/cm_60/USA500IDXUSD60.csv,80067
/home/gloryi/Documents/SpecialFiles/stocks_data/cm_60/USA500IDXUSD60.csv,80097
/home/gloryi/Documents/SpecialFiles/stocks_data/cm_60/USA500IDXUSD60.csv,80127
/home/gloryi/Documents/SpecialFiles/stocks_data/cm_60/USA500IDXUSD60.csv,80720
/home/gloryi/Documents/SpecialFiles/stocks_data/cm_60/USA500IDXUSD60.csv,80750
/home/gloryi/Documents/SpecialFiles/stocks_data/cm_60/USA500IDXUSD60.csv,80780
/home/gloryi/Documents/SpecialFiles/stocks_data/cm_60/USA500IDXUSD60.csv,80810
/home/gloryi/Documents/SpecialFiles/stocks_data/cm_60/USA500IDXUSD60.csv,80840
/home/gloryi/Documents/SpecialFiles/stocks_data/cm_60/GBRIDXGBP60.csv,50013
/home/gloryi/Documents/SpecialFiles/stocks_data/cm_60/GBRIDXGBP60.csv,50043
/home/gloryi/Documents/SpecialFiles/stocks_data/cm_60/GBRIDXGBP60.csv,50073
/home/gloryi/Documents/SpecialFiles/stocks_data/cm_60/GBRIDXGBP60.csv,50103
/home/gloryi/Documents/SpecialFiles/stocks_data/cm_60/GBRIDXGBP60.csv,50133
/home/gloryi/Documents/SpecialFiles/stocks_data/cm_60/GBRIDXGBP60.csv,48329
/home/gloryi/Documents/SpecialFiles/stocks_data/cm_60/GBRIDXGBP60.csv,48359
/home/gloryi/Documents/SpecialFiles/stocks_data/cm_60/GBRIDXGBP60.csv,48389
/home/gloryi/Documents/SpecialFiles/stocks_data/cm_60/GBRIDXGBP60.csv,48419
/home/gloryi/Documents/SpecialFiles/stocks_data/cm_60/GBRIDXGBP60.csv,48449
/home/gloryi/Documents/SpecialFiles/stocks_data/cm_60/USATECHIDXUSD60.csv,58718
/home/gloryi/Documents/SpecialFiles/stocks_data/cm_60/USATECHIDXUSD60.csv,58748
/home/gloryi/Documents/SpecialFiles/stocks_data/cm_60/USATECHIDXUSD60.csv,58778
/home/gloryi/Documents/SpecialFiles/stocks_data/cm_60/USATECHIDXUSD60.csv,58808
/home/gloryi/Documents/SpecialFiles/stocks_data/cm_60/USATECHIDXUSD60.csv,58838
/home/gloryi/Documents/SpecialFiles/stocks_data/cm_60/XAUUSD60.csv,70327
/home/gloryi/Documents/SpecialFiles/stocks_data/cm_60/XAUUSD60.csv,70357
/home/gloryi/Documents/SpecialFiles/stocks_data/cm_60/XAUUSD60.csv,70387
/home/gloryi/Documents/SpecialFiles/stocks_data/cm_60/XAUUSD60.csv,70417
/home/gloryi/Documents/SpecialFiles/stocks_data/cm_60/XAUUSD60.csv,70447
/home/gloryi/Documents/SpecialFiles/stocks_data/cm_60/GBRIDXGBP60.csv,65143
/home/gloryi/Documents/SpecialFiles/stocks_data/cm_60/GBRIDXGBP60.csv,65173
/home/gloryi/Documents/SpecialFiles/stocks_data/cm_60/GBRIDXGBP60.csv,65203
/home/gloryi/Documents/SpecialFiles/stocks_data/cm_60/GBRIDXGBP60.csv,65233
/home/gloryi/Documents/SpecialFiles/stocks_data/cm_60/GBRIDXGBP60.csv,65263
/home/gloryi/Documents/SpecialFiles/stocks_data/cm_60/XAUUSD60.csv,48875
/home/gloryi/Documents/SpecialFiles/stocks_data/cm_60/XAUUSD60.csv,48905
/home/gloryi/Documents/SpecialFiles/stocks_data/cm_60/XAUUSD60.csv,48935
/home/gloryi/Documents/SpecialFiles/stocks_data/cm_60/XAUUSD60.csv,48965
/home/gloryi/Documents/SpecialFiles/stocks_data/cm_60/XAUUSD60.csv,48995
/home/gloryi/Documents/SpecialFiles/stocks_data/cm_60/USA500IDXUSD60.csv,80158
/home/gloryi/Documents/SpecialFiles/stocks_data/cm_60/USA500IDXUSD60.csv,80188
/home/gloryi/Documents/SpecialFiles/stocks_data/cm_60/USA500IDXUSD60.csv,80218
/home/gloryi/Documents/SpecialFiles/stocks_data/cm_60/USA500IDXUSD60.csv,80248
/home/gloryi/Documents/SpecialFiles/stocks_data/cm_60/USA500IDXUSD60.csv,80278
/home/gloryi/Documents/SpecialFiles/stocks_data/cm_60/USA500IDXUSD60.csv,32889
/home/gloryi/Documents/SpecialFiles/stocks_data/cm_60/USA500IDXUSD60.csv,32919
/home/gloryi/Documents/SpecialFiles/stocks_data/cm_60/USA500IDXUSD60.csv,32949
/home/gloryi/Documents/SpecialFiles/stocks_data/cm_60/USA500IDXUSD60.csv,32979
/home/gloryi/Documents/SpecialFiles/stocks_data/cm_60/USA500IDXUSD60.csv,33009
