/home/gloryi/Pictures/FlickrSets/stocks_datasets/USA30IDXUSD15.csv,15081
/home/gloryi/Pictures/FlickrSets/stocks_datasets/USA30IDXUSD15.csv,15111
/home/gloryi/Pictures/FlickrSets/stocks_datasets/USA30IDXUSD15.csv,15141
/home/gloryi/Pictures/FlickrSets/stocks_datasets/USA30IDXUSD15.csv,15171
/home/gloryi/Pictures/FlickrSets/stocks_datasets/USA30IDXUSD15.csv,15201
/home/gloryi/Pictures/FlickrSets/stocks_datasets/USA500IDXUSD15.csv,45022
/home/gloryi/Pictures/FlickrSets/stocks_datasets/USA500IDXUSD15.csv,45052
/home/gloryi/Pictures/FlickrSets/stocks_datasets/USA500IDXUSD15.csv,45082
/home/gloryi/Pictures/FlickrSets/stocks_datasets/USA500IDXUSD15.csv,45112
/home/gloryi/Pictures/FlickrSets/stocks_datasets/USA500IDXUSD15.csv,45142
/home/gloryi/Pictures/FlickrSets/stocks_datasets/EURAUD15.csv,20249
/home/gloryi/Pictures/FlickrSets/stocks_datasets/EURAUD15.csv,20279
/home/gloryi/Pictures/FlickrSets/stocks_datasets/EURAUD15.csv,20309
/home/gloryi/Pictures/FlickrSets/stocks_datasets/EURAUD15.csv,20339
/home/gloryi/Pictures/FlickrSets/stocks_datasets/EURAUD15.csv,20369
/home/gloryi/Pictures/FlickrSets/stocks_datasets/USA30IDXUSD15.csv,12162
/home/gloryi/Pictures/FlickrSets/stocks_datasets/USA30IDXUSD15.csv,12192
/home/gloryi/Pictures/FlickrSets/stocks_datasets/USA30IDXUSD15.csv,12222
/home/gloryi/Pictures/FlickrSets/stocks_datasets/USA30IDXUSD15.csv,12252
/home/gloryi/Pictures/FlickrSets/stocks_datasets/USA30IDXUSD15.csv,12282
/home/gloryi/Pictures/FlickrSets/stocks_datasets/USA500IDXUSD15.csv,85422
/home/gloryi/Pictures/FlickrSets/stocks_datasets/USA500IDXUSD15.csv,85452
/home/gloryi/Pictures/FlickrSets/stocks_datasets/USA500IDXUSD15.csv,85482
/home/gloryi/Pictures/FlickrSets/stocks_datasets/USA500IDXUSD15.csv,85512
/home/gloryi/Pictures/FlickrSets/stocks_datasets/USA500IDXUSD15.csv,85542
/home/gloryi/Pictures/FlickrSets/stocks_datasets/USA30IDXUSD15.csv,98068
/home/gloryi/Pictures/FlickrSets/stocks_datasets/USA30IDXUSD15.csv,98098
/home/gloryi/Pictures/FlickrSets/stocks_datasets/USA30IDXUSD15.csv,98128
/home/gloryi/Pictures/FlickrSets/stocks_datasets/USA30IDXUSD15.csv,98158
/home/gloryi/Pictures/FlickrSets/stocks_datasets/USA30IDXUSD15.csv,98188
/home/gloryi/Pictures/FlickrSets/stocks_datasets/BRENTCMDUSD15.csv,65875
/home/gloryi/Pictures/FlickrSets/stocks_datasets/BRENTCMDUSD15.csv,65905
/home/gloryi/Pictures/FlickrSets/stocks_datasets/BRENTCMDUSD15.csv,65935
/home/gloryi/Pictures/FlickrSets/stocks_datasets/BRENTCMDUSD15.csv,65965
/home/gloryi/Pictures/FlickrSets/stocks_datasets/BRENTCMDUSD15.csv,65995
/home/gloryi/Pictures/FlickrSets/stocks_datasets/EURAUD15.csv,29190
/home/gloryi/Pictures/FlickrSets/stocks_datasets/EURAUD15.csv,29220
/home/gloryi/Pictures/FlickrSets/stocks_datasets/EURAUD15.csv,29250
/home/gloryi/Pictures/FlickrSets/stocks_datasets/EURAUD15.csv,29280
/home/gloryi/Pictures/FlickrSets/stocks_datasets/EURAUD15.csv,29310
/home/gloryi/Pictures/FlickrSets/stocks_datasets/CHFJPY15.csv,59049
/home/gloryi/Pictures/FlickrSets/stocks_datasets/CHFJPY15.csv,59079
/home/gloryi/Pictures/FlickrSets/stocks_datasets/CHFJPY15.csv,59109
/home/gloryi/Pictures/FlickrSets/stocks_datasets/CHFJPY15.csv,59139
/home/gloryi/Pictures/FlickrSets/stocks_datasets/CHFJPY15.csv,59169
/home/gloryi/Pictures/FlickrSets/stocks_datasets/BRENTCMDUSD15.csv,79565
/home/gloryi/Pictures/FlickrSets/stocks_datasets/BRENTCMDUSD15.csv,79595
/home/gloryi/Pictures/FlickrSets/stocks_datasets/BRENTCMDUSD15.csv,79625
/home/gloryi/Pictures/FlickrSets/stocks_datasets/BRENTCMDUSD15.csv,79655
/home/gloryi/Pictures/FlickrSets/stocks_datasets/BRENTCMDUSD15.csv,79685
/home/gloryi/Pictures/FlickrSets/stocks_datasets/XAGUSD15.csv,10367
/home/gloryi/Pictures/FlickrSets/stocks_datasets/XAGUSD15.csv,10397
/home/gloryi/Pictures/FlickrSets/stocks_datasets/XAGUSD15.csv,10427
/home/gloryi/Pictures/FlickrSets/stocks_datasets/XAGUSD15.csv,10457
/home/gloryi/Pictures/FlickrSets/stocks_datasets/XAGUSD15.csv,10487
/home/gloryi/Pictures/FlickrSets/stocks_datasets/BRENTCMDUSD15.csv,78207
/home/gloryi/Pictures/FlickrSets/stocks_datasets/BRENTCMDUSD15.csv,78237
/home/gloryi/Pictures/FlickrSets/stocks_datasets/BRENTCMDUSD15.csv,78267
/home/gloryi/Pictures/FlickrSets/stocks_datasets/BRENTCMDUSD15.csv,78297
/home/gloryi/Pictures/FlickrSets/stocks_datasets/BRENTCMDUSD15.csv,78327
/home/gloryi/Pictures/FlickrSets/stocks_datasets/CHFJPY15.csv,42969
/home/gloryi/Pictures/FlickrSets/stocks_datasets/CHFJPY15.csv,42999
/home/gloryi/Pictures/FlickrSets/stocks_datasets/CHFJPY15.csv,43029
/home/gloryi/Pictures/FlickrSets/stocks_datasets/CHFJPY15.csv,43059
/home/gloryi/Pictures/FlickrSets/stocks_datasets/CHFJPY15.csv,43089
/home/gloryi/Pictures/FlickrSets/stocks_datasets/USA30IDXUSD15.csv,64745
/home/gloryi/Pictures/FlickrSets/stocks_datasets/USA30IDXUSD15.csv,64775
/home/gloryi/Pictures/FlickrSets/stocks_datasets/USA30IDXUSD15.csv,64805
/home/gloryi/Pictures/FlickrSets/stocks_datasets/USA30IDXUSD15.csv,64835
/home/gloryi/Pictures/FlickrSets/stocks_datasets/USA30IDXUSD15.csv,64865
/home/gloryi/Pictures/FlickrSets/stocks_datasets/EURAUD15.csv,90554
/home/gloryi/Pictures/FlickrSets/stocks_datasets/EURAUD15.csv,90584
/home/gloryi/Pictures/FlickrSets/stocks_datasets/EURAUD15.csv,90614
/home/gloryi/Pictures/FlickrSets/stocks_datasets/EURAUD15.csv,90644
/home/gloryi/Pictures/FlickrSets/stocks_datasets/EURAUD15.csv,90674
/home/gloryi/Pictures/FlickrSets/stocks_datasets/USA30IDXUSD15.csv,71177
/home/gloryi/Pictures/FlickrSets/stocks_datasets/USA30IDXUSD15.csv,71207
/home/gloryi/Pictures/FlickrSets/stocks_datasets/USA30IDXUSD15.csv,71237
/home/gloryi/Pictures/FlickrSets/stocks_datasets/USA30IDXUSD15.csv,71267
/home/gloryi/Pictures/FlickrSets/stocks_datasets/USA30IDXUSD15.csv,71297
/home/gloryi/Pictures/FlickrSets/stocks_datasets/BRENTCMDUSD15.csv,93052
/home/gloryi/Pictures/FlickrSets/stocks_datasets/BRENTCMDUSD15.csv,93082
/home/gloryi/Pictures/FlickrSets/stocks_datasets/BRENTCMDUSD15.csv,93112
/home/gloryi/Pictures/FlickrSets/stocks_datasets/BRENTCMDUSD15.csv,93142
/home/gloryi/Pictures/FlickrSets/stocks_datasets/BRENTCMDUSD15.csv,93172
/home/gloryi/Pictures/FlickrSets/stocks_datasets/USA30IDXUSD15.csv,11070
/home/gloryi/Pictures/FlickrSets/stocks_datasets/USA30IDXUSD15.csv,11100
/home/gloryi/Pictures/FlickrSets/stocks_datasets/USA30IDXUSD15.csv,11130
/home/gloryi/Pictures/FlickrSets/stocks_datasets/USA30IDXUSD15.csv,11160
/home/gloryi/Pictures/FlickrSets/stocks_datasets/USA30IDXUSD15.csv,11190
/home/gloryi/Pictures/FlickrSets/stocks_datasets/USA30IDXUSD15.csv,15342
/home/gloryi/Pictures/FlickrSets/stocks_datasets/USA30IDXUSD15.csv,15372
/home/gloryi/Pictures/FlickrSets/stocks_datasets/USA30IDXUSD15.csv,15402
/home/gloryi/Pictures/FlickrSets/stocks_datasets/USA30IDXUSD15.csv,15432
/home/gloryi/Pictures/FlickrSets/stocks_datasets/USA30IDXUSD15.csv,15462
/home/gloryi/Pictures/FlickrSets/stocks_datasets/USA30IDXUSD15.csv,72059
/home/gloryi/Pictures/FlickrSets/stocks_datasets/USA30IDXUSD15.csv,72089
/home/gloryi/Pictures/FlickrSets/stocks_datasets/USA30IDXUSD15.csv,72119
/home/gloryi/Pictures/FlickrSets/stocks_datasets/USA30IDXUSD15.csv,72149
/home/gloryi/Pictures/FlickrSets/stocks_datasets/USA30IDXUSD15.csv,72179
/home/gloryi/Pictures/FlickrSets/stocks_datasets/USA500IDXUSD15.csv,81906
/home/gloryi/Pictures/FlickrSets/stocks_datasets/USA500IDXUSD15.csv,81936
/home/gloryi/Pictures/FlickrSets/stocks_datasets/USA500IDXUSD15.csv,81966
/home/gloryi/Pictures/FlickrSets/stocks_datasets/USA500IDXUSD15.csv,81996
/home/gloryi/Pictures/FlickrSets/stocks_datasets/USA500IDXUSD15.csv,82026
/home/gloryi/Pictures/FlickrSets/stocks_datasets/XAGUSD15.csv,47588
/home/gloryi/Pictures/FlickrSets/stocks_datasets/XAGUSD15.csv,47618
/home/gloryi/Pictures/FlickrSets/stocks_datasets/XAGUSD15.csv,47648
/home/gloryi/Pictures/FlickrSets/stocks_datasets/XAGUSD15.csv,47678
/home/gloryi/Pictures/FlickrSets/stocks_datasets/XAGUSD15.csv,47708
/home/gloryi/Pictures/FlickrSets/stocks_datasets/BRENTCMDUSD15.csv,61187
/home/gloryi/Pictures/FlickrSets/stocks_datasets/BRENTCMDUSD15.csv,61217
/home/gloryi/Pictures/FlickrSets/stocks_datasets/BRENTCMDUSD15.csv,61247
/home/gloryi/Pictures/FlickrSets/stocks_datasets/BRENTCMDUSD15.csv,61277
/home/gloryi/Pictures/FlickrSets/stocks_datasets/BRENTCMDUSD15.csv,61307
/home/gloryi/Pictures/FlickrSets/stocks_datasets/EURAUD15.csv,12953
/home/gloryi/Pictures/FlickrSets/stocks_datasets/EURAUD15.csv,12983
/home/gloryi/Pictures/FlickrSets/stocks_datasets/EURAUD15.csv,13013
/home/gloryi/Pictures/FlickrSets/stocks_datasets/EURAUD15.csv,13043
/home/gloryi/Pictures/FlickrSets/stocks_datasets/EURAUD15.csv,13073
/home/gloryi/Pictures/FlickrSets/stocks_datasets/EURAUD15.csv,72056
/home/gloryi/Pictures/FlickrSets/stocks_datasets/EURAUD15.csv,72086
/home/gloryi/Pictures/FlickrSets/stocks_datasets/EURAUD15.csv,72116
/home/gloryi/Pictures/FlickrSets/stocks_datasets/EURAUD15.csv,72146
/home/gloryi/Pictures/FlickrSets/stocks_datasets/EURAUD15.csv,72176
/home/gloryi/Pictures/FlickrSets/stocks_datasets/EURAUD15.csv,17285
/home/gloryi/Pictures/FlickrSets/stocks_datasets/EURAUD15.csv,17315
/home/gloryi/Pictures/FlickrSets/stocks_datasets/EURAUD15.csv,17345
/home/gloryi/Pictures/FlickrSets/stocks_datasets/EURAUD15.csv,17375
/home/gloryi/Pictures/FlickrSets/stocks_datasets/EURAUD15.csv,17405
/home/gloryi/Pictures/FlickrSets/stocks_datasets/BRENTCMDUSD15.csv,94195
/home/gloryi/Pictures/FlickrSets/stocks_datasets/BRENTCMDUSD15.csv,94225
/home/gloryi/Pictures/FlickrSets/stocks_datasets/BRENTCMDUSD15.csv,94255
/home/gloryi/Pictures/FlickrSets/stocks_datasets/BRENTCMDUSD15.csv,94285
/home/gloryi/Pictures/FlickrSets/stocks_datasets/BRENTCMDUSD15.csv,94315
/home/gloryi/Pictures/FlickrSets/stocks_datasets/EURAUD15.csv,97350
/home/gloryi/Pictures/FlickrSets/stocks_datasets/EURAUD15.csv,97380
/home/gloryi/Pictures/FlickrSets/stocks_datasets/EURAUD15.csv,97410
/home/gloryi/Pictures/FlickrSets/stocks_datasets/EURAUD15.csv,97440
/home/gloryi/Pictures/FlickrSets/stocks_datasets/EURAUD15.csv,97470
/home/gloryi/Pictures/FlickrSets/stocks_datasets/XAGUSD15.csv,40172
/home/gloryi/Pictures/FlickrSets/stocks_datasets/XAGUSD15.csv,40202
/home/gloryi/Pictures/FlickrSets/stocks_datasets/XAGUSD15.csv,40232
/home/gloryi/Pictures/FlickrSets/stocks_datasets/XAGUSD15.csv,40262
/home/gloryi/Pictures/FlickrSets/stocks_datasets/XAGUSD15.csv,40292
/home/gloryi/Pictures/FlickrSets/stocks_datasets/CHFJPY15.csv,91240
/home/gloryi/Pictures/FlickrSets/stocks_datasets/CHFJPY15.csv,91270
/home/gloryi/Pictures/FlickrSets/stocks_datasets/CHFJPY15.csv,91300
/home/gloryi/Pictures/FlickrSets/stocks_datasets/CHFJPY15.csv,91330
/home/gloryi/Pictures/FlickrSets/stocks_datasets/CHFJPY15.csv,91360
/home/gloryi/Pictures/FlickrSets/stocks_datasets/USA500IDXUSD15.csv,60902
/home/gloryi/Pictures/FlickrSets/stocks_datasets/USA500IDXUSD15.csv,60932
/home/gloryi/Pictures/FlickrSets/stocks_datasets/USA500IDXUSD15.csv,60962
/home/gloryi/Pictures/FlickrSets/stocks_datasets/USA500IDXUSD15.csv,60992
/home/gloryi/Pictures/FlickrSets/stocks_datasets/USA500IDXUSD15.csv,61022
/home/gloryi/Pictures/FlickrSets/stocks_datasets/EURAUD15.csv,2194
/home/gloryi/Pictures/FlickrSets/stocks_datasets/EURAUD15.csv,2224
/home/gloryi/Pictures/FlickrSets/stocks_datasets/EURAUD15.csv,2254
/home/gloryi/Pictures/FlickrSets/stocks_datasets/EURAUD15.csv,2284
/home/gloryi/Pictures/FlickrSets/stocks_datasets/EURAUD15.csv,2314
/home/gloryi/Pictures/FlickrSets/stocks_datasets/EURAUD15.csv,77133
/home/gloryi/Pictures/FlickrSets/stocks_datasets/EURAUD15.csv,77163
/home/gloryi/Pictures/FlickrSets/stocks_datasets/EURAUD15.csv,77193
/home/gloryi/Pictures/FlickrSets/stocks_datasets/EURAUD15.csv,77223
/home/gloryi/Pictures/FlickrSets/stocks_datasets/EURAUD15.csv,77253
/home/gloryi/Pictures/FlickrSets/stocks_datasets/XAGUSD15.csv,97186
/home/gloryi/Pictures/FlickrSets/stocks_datasets/XAGUSD15.csv,97216
/home/gloryi/Pictures/FlickrSets/stocks_datasets/XAGUSD15.csv,97246
/home/gloryi/Pictures/FlickrSets/stocks_datasets/XAGUSD15.csv,97276
/home/gloryi/Pictures/FlickrSets/stocks_datasets/XAGUSD15.csv,97306
/home/gloryi/Pictures/FlickrSets/stocks_datasets/USA500IDXUSD15.csv,90087
/home/gloryi/Pictures/FlickrSets/stocks_datasets/USA500IDXUSD15.csv,90117
/home/gloryi/Pictures/FlickrSets/stocks_datasets/USA500IDXUSD15.csv,90147
/home/gloryi/Pictures/FlickrSets/stocks_datasets/USA500IDXUSD15.csv,90177
/home/gloryi/Pictures/FlickrSets/stocks_datasets/USA500IDXUSD15.csv,90207
/home/gloryi/Pictures/FlickrSets/stocks_datasets/BRENTCMDUSD15.csv,95729
/home/gloryi/Pictures/FlickrSets/stocks_datasets/BRENTCMDUSD15.csv,95759
/home/gloryi/Pictures/FlickrSets/stocks_datasets/BRENTCMDUSD15.csv,95789
/home/gloryi/Pictures/FlickrSets/stocks_datasets/BRENTCMDUSD15.csv,95819
/home/gloryi/Pictures/FlickrSets/stocks_datasets/BRENTCMDUSD15.csv,95849
/home/gloryi/Pictures/FlickrSets/stocks_datasets/CHFJPY15.csv,36662
/home/gloryi/Pictures/FlickrSets/stocks_datasets/CHFJPY15.csv,36692
/home/gloryi/Pictures/FlickrSets/stocks_datasets/CHFJPY15.csv,36722
/home/gloryi/Pictures/FlickrSets/stocks_datasets/CHFJPY15.csv,36752
/home/gloryi/Pictures/FlickrSets/stocks_datasets/CHFJPY15.csv,36782
/home/gloryi/Pictures/FlickrSets/stocks_datasets/XAGUSD15.csv,75744
/home/gloryi/Pictures/FlickrSets/stocks_datasets/XAGUSD15.csv,75774
/home/gloryi/Pictures/FlickrSets/stocks_datasets/XAGUSD15.csv,75804
/home/gloryi/Pictures/FlickrSets/stocks_datasets/XAGUSD15.csv,75834
/home/gloryi/Pictures/FlickrSets/stocks_datasets/XAGUSD15.csv,75864
/home/gloryi/Pictures/FlickrSets/stocks_datasets/USA500IDXUSD15.csv,24875
/home/gloryi/Pictures/FlickrSets/stocks_datasets/USA500IDXUSD15.csv,24905
/home/gloryi/Pictures/FlickrSets/stocks_datasets/USA500IDXUSD15.csv,24935
/home/gloryi/Pictures/FlickrSets/stocks_datasets/USA500IDXUSD15.csv,24965
/home/gloryi/Pictures/FlickrSets/stocks_datasets/USA500IDXUSD15.csv,24995
/home/gloryi/Pictures/FlickrSets/stocks_datasets/EURAUD15.csv,7450
/home/gloryi/Pictures/FlickrSets/stocks_datasets/EURAUD15.csv,7480
/home/gloryi/Pictures/FlickrSets/stocks_datasets/EURAUD15.csv,7510
/home/gloryi/Pictures/FlickrSets/stocks_datasets/EURAUD15.csv,7540
/home/gloryi/Pictures/FlickrSets/stocks_datasets/EURAUD15.csv,7570
/home/gloryi/Pictures/FlickrSets/stocks_datasets/USA500IDXUSD15.csv,79576
/home/gloryi/Pictures/FlickrSets/stocks_datasets/USA500IDXUSD15.csv,79606
/home/gloryi/Pictures/FlickrSets/stocks_datasets/USA500IDXUSD15.csv,79636
/home/gloryi/Pictures/FlickrSets/stocks_datasets/USA500IDXUSD15.csv,79666
/home/gloryi/Pictures/FlickrSets/stocks_datasets/USA500IDXUSD15.csv,79696
/home/gloryi/Pictures/FlickrSets/stocks_datasets/XAGUSD15.csv,89884
/home/gloryi/Pictures/FlickrSets/stocks_datasets/XAGUSD15.csv,89914
/home/gloryi/Pictures/FlickrSets/stocks_datasets/XAGUSD15.csv,89944
/home/gloryi/Pictures/FlickrSets/stocks_datasets/XAGUSD15.csv,89974
/home/gloryi/Pictures/FlickrSets/stocks_datasets/XAGUSD15.csv,90004
/home/gloryi/Pictures/FlickrSets/stocks_datasets/EURAUD15.csv,85850
/home/gloryi/Pictures/FlickrSets/stocks_datasets/EURAUD15.csv,85880
/home/gloryi/Pictures/FlickrSets/stocks_datasets/EURAUD15.csv,85910
/home/gloryi/Pictures/FlickrSets/stocks_datasets/EURAUD15.csv,85940
/home/gloryi/Pictures/FlickrSets/stocks_datasets/EURAUD15.csv,85970
/home/gloryi/Pictures/FlickrSets/stocks_datasets/CHFJPY15.csv,70782
/home/gloryi/Pictures/FlickrSets/stocks_datasets/CHFJPY15.csv,70812
/home/gloryi/Pictures/FlickrSets/stocks_datasets/CHFJPY15.csv,70842
/home/gloryi/Pictures/FlickrSets/stocks_datasets/CHFJPY15.csv,70872
/home/gloryi/Pictures/FlickrSets/stocks_datasets/CHFJPY15.csv,70902
/home/gloryi/Pictures/FlickrSets/stocks_datasets/USA500IDXUSD15.csv,57292
/home/gloryi/Pictures/FlickrSets/stocks_datasets/USA500IDXUSD15.csv,57322
/home/gloryi/Pictures/FlickrSets/stocks_datasets/USA500IDXUSD15.csv,57352
/home/gloryi/Pictures/FlickrSets/stocks_datasets/USA500IDXUSD15.csv,57382
/home/gloryi/Pictures/FlickrSets/stocks_datasets/USA500IDXUSD15.csv,57412
/home/gloryi/Pictures/FlickrSets/stocks_datasets/BRENTCMDUSD15.csv,14798
/home/gloryi/Pictures/FlickrSets/stocks_datasets/BRENTCMDUSD15.csv,14828
/home/gloryi/Pictures/FlickrSets/stocks_datasets/BRENTCMDUSD15.csv,14858
/home/gloryi/Pictures/FlickrSets/stocks_datasets/BRENTCMDUSD15.csv,14888
/home/gloryi/Pictures/FlickrSets/stocks_datasets/BRENTCMDUSD15.csv,14918
/home/gloryi/Pictures/FlickrSets/stocks_datasets/USA30IDXUSD15.csv,60848
/home/gloryi/Pictures/FlickrSets/stocks_datasets/USA30IDXUSD15.csv,60878
/home/gloryi/Pictures/FlickrSets/stocks_datasets/USA30IDXUSD15.csv,60908
/home/gloryi/Pictures/FlickrSets/stocks_datasets/USA30IDXUSD15.csv,60938
/home/gloryi/Pictures/FlickrSets/stocks_datasets/USA30IDXUSD15.csv,60968
/home/gloryi/Pictures/FlickrSets/stocks_datasets/XAGUSD15.csv,98618
/home/gloryi/Pictures/FlickrSets/stocks_datasets/XAGUSD15.csv,98648
/home/gloryi/Pictures/FlickrSets/stocks_datasets/XAGUSD15.csv,98678
/home/gloryi/Pictures/FlickrSets/stocks_datasets/XAGUSD15.csv,98708
/home/gloryi/Pictures/FlickrSets/stocks_datasets/XAGUSD15.csv,98738
/home/gloryi/Pictures/FlickrSets/stocks_datasets/XAGUSD15.csv,34764
/home/gloryi/Pictures/FlickrSets/stocks_datasets/XAGUSD15.csv,34794
/home/gloryi/Pictures/FlickrSets/stocks_datasets/XAGUSD15.csv,34824
/home/gloryi/Pictures/FlickrSets/stocks_datasets/XAGUSD15.csv,34854
/home/gloryi/Pictures/FlickrSets/stocks_datasets/XAGUSD15.csv,34884
/home/gloryi/Pictures/FlickrSets/stocks_datasets/BRENTCMDUSD15.csv,5240
/home/gloryi/Pictures/FlickrSets/stocks_datasets/BRENTCMDUSD15.csv,5270
/home/gloryi/Pictures/FlickrSets/stocks_datasets/BRENTCMDUSD15.csv,5300
/home/gloryi/Pictures/FlickrSets/stocks_datasets/BRENTCMDUSD15.csv,5330
/home/gloryi/Pictures/FlickrSets/stocks_datasets/BRENTCMDUSD15.csv,5360
/home/gloryi/Pictures/FlickrSets/stocks_datasets/CHFJPY15.csv,46899
/home/gloryi/Pictures/FlickrSets/stocks_datasets/CHFJPY15.csv,46929
/home/gloryi/Pictures/FlickrSets/stocks_datasets/CHFJPY15.csv,46959
/home/gloryi/Pictures/FlickrSets/stocks_datasets/CHFJPY15.csv,46989
/home/gloryi/Pictures/FlickrSets/stocks_datasets/CHFJPY15.csv,47019
/home/gloryi/Pictures/FlickrSets/stocks_datasets/CHFJPY15.csv,95972
/home/gloryi/Pictures/FlickrSets/stocks_datasets/CHFJPY15.csv,96002
/home/gloryi/Pictures/FlickrSets/stocks_datasets/CHFJPY15.csv,96032
/home/gloryi/Pictures/FlickrSets/stocks_datasets/CHFJPY15.csv,96062
/home/gloryi/Pictures/FlickrSets/stocks_datasets/CHFJPY15.csv,96092
/home/gloryi/Pictures/FlickrSets/stocks_datasets/EURAUD15.csv,20928
/home/gloryi/Pictures/FlickrSets/stocks_datasets/EURAUD15.csv,20958
/home/gloryi/Pictures/FlickrSets/stocks_datasets/EURAUD15.csv,20988
/home/gloryi/Pictures/FlickrSets/stocks_datasets/EURAUD15.csv,21018
/home/gloryi/Pictures/FlickrSets/stocks_datasets/EURAUD15.csv,21048
/home/gloryi/Pictures/FlickrSets/stocks_datasets/USA30IDXUSD15.csv,45060
/home/gloryi/Pictures/FlickrSets/stocks_datasets/USA30IDXUSD15.csv,45090
/home/gloryi/Pictures/FlickrSets/stocks_datasets/USA30IDXUSD15.csv,45120
/home/gloryi/Pictures/FlickrSets/stocks_datasets/USA30IDXUSD15.csv,45150
/home/gloryi/Pictures/FlickrSets/stocks_datasets/USA30IDXUSD15.csv,45180
/home/gloryi/Pictures/FlickrSets/stocks_datasets/CHFJPY15.csv,22191
/home/gloryi/Pictures/FlickrSets/stocks_datasets/CHFJPY15.csv,22221
/home/gloryi/Pictures/FlickrSets/stocks_datasets/CHFJPY15.csv,22251
/home/gloryi/Pictures/FlickrSets/stocks_datasets/CHFJPY15.csv,22281
/home/gloryi/Pictures/FlickrSets/stocks_datasets/CHFJPY15.csv,22311
/home/gloryi/Pictures/FlickrSets/stocks_datasets/USA500IDXUSD15.csv,49680
/home/gloryi/Pictures/FlickrSets/stocks_datasets/USA500IDXUSD15.csv,49710
/home/gloryi/Pictures/FlickrSets/stocks_datasets/USA500IDXUSD15.csv,49740
/home/gloryi/Pictures/FlickrSets/stocks_datasets/USA500IDXUSD15.csv,49770
/home/gloryi/Pictures/FlickrSets/stocks_datasets/USA500IDXUSD15.csv,49800
/home/gloryi/Pictures/FlickrSets/stocks_datasets/USA30IDXUSD15.csv,66291
/home/gloryi/Pictures/FlickrSets/stocks_datasets/USA30IDXUSD15.csv,66321
/home/gloryi/Pictures/FlickrSets/stocks_datasets/USA30IDXUSD15.csv,66351
/home/gloryi/Pictures/FlickrSets/stocks_datasets/USA30IDXUSD15.csv,66381
/home/gloryi/Pictures/FlickrSets/stocks_datasets/USA30IDXUSD15.csv,66411
/home/gloryi/Pictures/FlickrSets/stocks_datasets/USA30IDXUSD15.csv,79440
/home/gloryi/Pictures/FlickrSets/stocks_datasets/USA30IDXUSD15.csv,79470
/home/gloryi/Pictures/FlickrSets/stocks_datasets/USA30IDXUSD15.csv,79500
/home/gloryi/Pictures/FlickrSets/stocks_datasets/USA30IDXUSD15.csv,79530
/home/gloryi/Pictures/FlickrSets/stocks_datasets/USA30IDXUSD15.csv,79560
/home/gloryi/Pictures/FlickrSets/stocks_datasets/CHFJPY15.csv,31079
/home/gloryi/Pictures/FlickrSets/stocks_datasets/CHFJPY15.csv,31109
/home/gloryi/Pictures/FlickrSets/stocks_datasets/CHFJPY15.csv,31139
/home/gloryi/Pictures/FlickrSets/stocks_datasets/CHFJPY15.csv,31169
/home/gloryi/Pictures/FlickrSets/stocks_datasets/CHFJPY15.csv,31199
/home/gloryi/Pictures/FlickrSets/stocks_datasets/CHFJPY15.csv,89611
/home/gloryi/Pictures/FlickrSets/stocks_datasets/CHFJPY15.csv,89641
/home/gloryi/Pictures/FlickrSets/stocks_datasets/CHFJPY15.csv,89671
/home/gloryi/Pictures/FlickrSets/stocks_datasets/CHFJPY15.csv,89701
/home/gloryi/Pictures/FlickrSets/stocks_datasets/CHFJPY15.csv,89731
/home/gloryi/Pictures/FlickrSets/stocks_datasets/XAGUSD15.csv,33033
/home/gloryi/Pictures/FlickrSets/stocks_datasets/XAGUSD15.csv,33063
/home/gloryi/Pictures/FlickrSets/stocks_datasets/XAGUSD15.csv,33093
/home/gloryi/Pictures/FlickrSets/stocks_datasets/XAGUSD15.csv,33123
/home/gloryi/Pictures/FlickrSets/stocks_datasets/XAGUSD15.csv,33153
/home/gloryi/Pictures/FlickrSets/stocks_datasets/USA500IDXUSD15.csv,24046
/home/gloryi/Pictures/FlickrSets/stocks_datasets/USA500IDXUSD15.csv,24076
/home/gloryi/Pictures/FlickrSets/stocks_datasets/USA500IDXUSD15.csv,24106
/home/gloryi/Pictures/FlickrSets/stocks_datasets/USA500IDXUSD15.csv,24136
/home/gloryi/Pictures/FlickrSets/stocks_datasets/USA500IDXUSD15.csv,24166
/home/gloryi/Pictures/FlickrSets/stocks_datasets/USA500IDXUSD15.csv,44324
/home/gloryi/Pictures/FlickrSets/stocks_datasets/USA500IDXUSD15.csv,44354
/home/gloryi/Pictures/FlickrSets/stocks_datasets/USA500IDXUSD15.csv,44384
/home/gloryi/Pictures/FlickrSets/stocks_datasets/USA500IDXUSD15.csv,44414
/home/gloryi/Pictures/FlickrSets/stocks_datasets/USA500IDXUSD15.csv,44444
/home/gloryi/Pictures/FlickrSets/stocks_datasets/BRENTCMDUSD15.csv,38958
/home/gloryi/Pictures/FlickrSets/stocks_datasets/BRENTCMDUSD15.csv,38988
/home/gloryi/Pictures/FlickrSets/stocks_datasets/BRENTCMDUSD15.csv,39018
/home/gloryi/Pictures/FlickrSets/stocks_datasets/BRENTCMDUSD15.csv,39048
/home/gloryi/Pictures/FlickrSets/stocks_datasets/BRENTCMDUSD15.csv,39078
/home/gloryi/Pictures/FlickrSets/stocks_datasets/XAGUSD15.csv,66583
/home/gloryi/Pictures/FlickrSets/stocks_datasets/XAGUSD15.csv,66613
/home/gloryi/Pictures/FlickrSets/stocks_datasets/XAGUSD15.csv,66643
/home/gloryi/Pictures/FlickrSets/stocks_datasets/XAGUSD15.csv,66673
/home/gloryi/Pictures/FlickrSets/stocks_datasets/XAGUSD15.csv,66703
/home/gloryi/Pictures/FlickrSets/stocks_datasets/BRENTCMDUSD15.csv,30061
/home/gloryi/Pictures/FlickrSets/stocks_datasets/BRENTCMDUSD15.csv,30091
/home/gloryi/Pictures/FlickrSets/stocks_datasets/BRENTCMDUSD15.csv,30121
/home/gloryi/Pictures/FlickrSets/stocks_datasets/BRENTCMDUSD15.csv,30151
/home/gloryi/Pictures/FlickrSets/stocks_datasets/BRENTCMDUSD15.csv,30181
/home/gloryi/Pictures/FlickrSets/stocks_datasets/BRENTCMDUSD15.csv,61489
/home/gloryi/Pictures/FlickrSets/stocks_datasets/BRENTCMDUSD15.csv,61519
/home/gloryi/Pictures/FlickrSets/stocks_datasets/BRENTCMDUSD15.csv,61549
/home/gloryi/Pictures/FlickrSets/stocks_datasets/BRENTCMDUSD15.csv,61579
/home/gloryi/Pictures/FlickrSets/stocks_datasets/BRENTCMDUSD15.csv,61609
/home/gloryi/Pictures/FlickrSets/stocks_datasets/XAGUSD15.csv,46318
/home/gloryi/Pictures/FlickrSets/stocks_datasets/XAGUSD15.csv,46348
/home/gloryi/Pictures/FlickrSets/stocks_datasets/XAGUSD15.csv,46378
/home/gloryi/Pictures/FlickrSets/stocks_datasets/XAGUSD15.csv,46408
/home/gloryi/Pictures/FlickrSets/stocks_datasets/XAGUSD15.csv,46438
/home/gloryi/Pictures/FlickrSets/stocks_datasets/USA500IDXUSD15.csv,40256
/home/gloryi/Pictures/FlickrSets/stocks_datasets/USA500IDXUSD15.csv,40286
/home/gloryi/Pictures/FlickrSets/stocks_datasets/USA500IDXUSD15.csv,40316
/home/gloryi/Pictures/FlickrSets/stocks_datasets/USA500IDXUSD15.csv,40346
/home/gloryi/Pictures/FlickrSets/stocks_datasets/USA500IDXUSD15.csv,40376
/home/gloryi/Pictures/FlickrSets/stocks_datasets/USA30IDXUSD15.csv,12252
/home/gloryi/Pictures/FlickrSets/stocks_datasets/USA30IDXUSD15.csv,12282
/home/gloryi/Pictures/FlickrSets/stocks_datasets/USA30IDXUSD15.csv,12312
/home/gloryi/Pictures/FlickrSets/stocks_datasets/USA30IDXUSD15.csv,12342
/home/gloryi/Pictures/FlickrSets/stocks_datasets/USA30IDXUSD15.csv,12372
/home/gloryi/Pictures/FlickrSets/stocks_datasets/EURAUD15.csv,7245
/home/gloryi/Pictures/FlickrSets/stocks_datasets/EURAUD15.csv,7275
/home/gloryi/Pictures/FlickrSets/stocks_datasets/EURAUD15.csv,7305
/home/gloryi/Pictures/FlickrSets/stocks_datasets/EURAUD15.csv,7335
/home/gloryi/Pictures/FlickrSets/stocks_datasets/EURAUD15.csv,7365
/home/gloryi/Pictures/FlickrSets/stocks_datasets/USA500IDXUSD15.csv,40209
/home/gloryi/Pictures/FlickrSets/stocks_datasets/USA500IDXUSD15.csv,40239
/home/gloryi/Pictures/FlickrSets/stocks_datasets/USA500IDXUSD15.csv,40269
/home/gloryi/Pictures/FlickrSets/stocks_datasets/USA500IDXUSD15.csv,40299
/home/gloryi/Pictures/FlickrSets/stocks_datasets/USA500IDXUSD15.csv,40329
/home/gloryi/Pictures/FlickrSets/stocks_datasets/BRENTCMDUSD15.csv,22531
/home/gloryi/Pictures/FlickrSets/stocks_datasets/BRENTCMDUSD15.csv,22561
/home/gloryi/Pictures/FlickrSets/stocks_datasets/BRENTCMDUSD15.csv,22591
/home/gloryi/Pictures/FlickrSets/stocks_datasets/BRENTCMDUSD15.csv,22621
/home/gloryi/Pictures/FlickrSets/stocks_datasets/BRENTCMDUSD15.csv,22651
/home/gloryi/Pictures/FlickrSets/stocks_datasets/XAGUSD15.csv,58495
/home/gloryi/Pictures/FlickrSets/stocks_datasets/XAGUSD15.csv,58525
/home/gloryi/Pictures/FlickrSets/stocks_datasets/XAGUSD15.csv,58555
/home/gloryi/Pictures/FlickrSets/stocks_datasets/XAGUSD15.csv,58585
/home/gloryi/Pictures/FlickrSets/stocks_datasets/XAGUSD15.csv,58615
/home/gloryi/Pictures/FlickrSets/stocks_datasets/EURAUD15.csv,9471
/home/gloryi/Pictures/FlickrSets/stocks_datasets/EURAUD15.csv,9501
/home/gloryi/Pictures/FlickrSets/stocks_datasets/EURAUD15.csv,9531
/home/gloryi/Pictures/FlickrSets/stocks_datasets/EURAUD15.csv,9561
/home/gloryi/Pictures/FlickrSets/stocks_datasets/EURAUD15.csv,9591
/home/gloryi/Pictures/FlickrSets/stocks_datasets/BRENTCMDUSD15.csv,7744
/home/gloryi/Pictures/FlickrSets/stocks_datasets/BRENTCMDUSD15.csv,7774
/home/gloryi/Pictures/FlickrSets/stocks_datasets/BRENTCMDUSD15.csv,7804
/home/gloryi/Pictures/FlickrSets/stocks_datasets/BRENTCMDUSD15.csv,7834
/home/gloryi/Pictures/FlickrSets/stocks_datasets/BRENTCMDUSD15.csv,7864
/home/gloryi/Pictures/FlickrSets/stocks_datasets/USA500IDXUSD15.csv,60883
/home/gloryi/Pictures/FlickrSets/stocks_datasets/USA500IDXUSD15.csv,60913
/home/gloryi/Pictures/FlickrSets/stocks_datasets/USA500IDXUSD15.csv,60943
/home/gloryi/Pictures/FlickrSets/stocks_datasets/USA500IDXUSD15.csv,60973
/home/gloryi/Pictures/FlickrSets/stocks_datasets/USA500IDXUSD15.csv,61003
/home/gloryi/Pictures/FlickrSets/stocks_datasets/BRENTCMDUSD15.csv,72585
/home/gloryi/Pictures/FlickrSets/stocks_datasets/BRENTCMDUSD15.csv,72615
/home/gloryi/Pictures/FlickrSets/stocks_datasets/BRENTCMDUSD15.csv,72645
/home/gloryi/Pictures/FlickrSets/stocks_datasets/BRENTCMDUSD15.csv,72675
/home/gloryi/Pictures/FlickrSets/stocks_datasets/BRENTCMDUSD15.csv,72705
/home/gloryi/Pictures/FlickrSets/stocks_datasets/CHFJPY15.csv,67950
/home/gloryi/Pictures/FlickrSets/stocks_datasets/CHFJPY15.csv,67980
/home/gloryi/Pictures/FlickrSets/stocks_datasets/CHFJPY15.csv,68010
/home/gloryi/Pictures/FlickrSets/stocks_datasets/CHFJPY15.csv,68040
/home/gloryi/Pictures/FlickrSets/stocks_datasets/CHFJPY15.csv,68070
/home/gloryi/Pictures/FlickrSets/stocks_datasets/USA30IDXUSD15.csv,16479
/home/gloryi/Pictures/FlickrSets/stocks_datasets/USA30IDXUSD15.csv,16509
/home/gloryi/Pictures/FlickrSets/stocks_datasets/USA30IDXUSD15.csv,16539
/home/gloryi/Pictures/FlickrSets/stocks_datasets/USA30IDXUSD15.csv,16569
/home/gloryi/Pictures/FlickrSets/stocks_datasets/USA30IDXUSD15.csv,16599
/home/gloryi/Pictures/FlickrSets/stocks_datasets/USA500IDXUSD15.csv,77795
/home/gloryi/Pictures/FlickrSets/stocks_datasets/USA500IDXUSD15.csv,77825
/home/gloryi/Pictures/FlickrSets/stocks_datasets/USA500IDXUSD15.csv,77855
/home/gloryi/Pictures/FlickrSets/stocks_datasets/USA500IDXUSD15.csv,77885
/home/gloryi/Pictures/FlickrSets/stocks_datasets/USA500IDXUSD15.csv,77915
/home/gloryi/Pictures/FlickrSets/stocks_datasets/USA30IDXUSD15.csv,41366
/home/gloryi/Pictures/FlickrSets/stocks_datasets/USA30IDXUSD15.csv,41396
/home/gloryi/Pictures/FlickrSets/stocks_datasets/USA30IDXUSD15.csv,41426
/home/gloryi/Pictures/FlickrSets/stocks_datasets/USA30IDXUSD15.csv,41456
/home/gloryi/Pictures/FlickrSets/stocks_datasets/USA30IDXUSD15.csv,41486
/home/gloryi/Pictures/FlickrSets/stocks_datasets/CHFJPY15.csv,92844
/home/gloryi/Pictures/FlickrSets/stocks_datasets/CHFJPY15.csv,92874
/home/gloryi/Pictures/FlickrSets/stocks_datasets/CHFJPY15.csv,92904
/home/gloryi/Pictures/FlickrSets/stocks_datasets/CHFJPY15.csv,92934
/home/gloryi/Pictures/FlickrSets/stocks_datasets/CHFJPY15.csv,92964
/home/gloryi/Pictures/FlickrSets/stocks_datasets/CHFJPY15.csv,74002
/home/gloryi/Pictures/FlickrSets/stocks_datasets/CHFJPY15.csv,74032
/home/gloryi/Pictures/FlickrSets/stocks_datasets/CHFJPY15.csv,74062
/home/gloryi/Pictures/FlickrSets/stocks_datasets/CHFJPY15.csv,74092
/home/gloryi/Pictures/FlickrSets/stocks_datasets/CHFJPY15.csv,74122
/home/gloryi/Pictures/FlickrSets/stocks_datasets/USA500IDXUSD15.csv,2456
/home/gloryi/Pictures/FlickrSets/stocks_datasets/USA500IDXUSD15.csv,2486
/home/gloryi/Pictures/FlickrSets/stocks_datasets/USA500IDXUSD15.csv,2516
/home/gloryi/Pictures/FlickrSets/stocks_datasets/USA500IDXUSD15.csv,2546
/home/gloryi/Pictures/FlickrSets/stocks_datasets/USA500IDXUSD15.csv,2576
/home/gloryi/Pictures/FlickrSets/stocks_datasets/XAGUSD15.csv,21649
/home/gloryi/Pictures/FlickrSets/stocks_datasets/XAGUSD15.csv,21679
/home/gloryi/Pictures/FlickrSets/stocks_datasets/XAGUSD15.csv,21709
/home/gloryi/Pictures/FlickrSets/stocks_datasets/XAGUSD15.csv,21739
/home/gloryi/Pictures/FlickrSets/stocks_datasets/XAGUSD15.csv,21769
/home/gloryi/Pictures/FlickrSets/stocks_datasets/EURAUD15.csv,29644
/home/gloryi/Pictures/FlickrSets/stocks_datasets/EURAUD15.csv,29674
/home/gloryi/Pictures/FlickrSets/stocks_datasets/EURAUD15.csv,29704
/home/gloryi/Pictures/FlickrSets/stocks_datasets/EURAUD15.csv,29734
/home/gloryi/Pictures/FlickrSets/stocks_datasets/EURAUD15.csv,29764
/home/gloryi/Pictures/FlickrSets/stocks_datasets/USA30IDXUSD15.csv,91446
/home/gloryi/Pictures/FlickrSets/stocks_datasets/USA30IDXUSD15.csv,91476
/home/gloryi/Pictures/FlickrSets/stocks_datasets/USA30IDXUSD15.csv,91506
/home/gloryi/Pictures/FlickrSets/stocks_datasets/USA30IDXUSD15.csv,91536
/home/gloryi/Pictures/FlickrSets/stocks_datasets/USA30IDXUSD15.csv,91566
/home/gloryi/Pictures/FlickrSets/stocks_datasets/USA500IDXUSD15.csv,41147
/home/gloryi/Pictures/FlickrSets/stocks_datasets/USA500IDXUSD15.csv,41177
/home/gloryi/Pictures/FlickrSets/stocks_datasets/USA500IDXUSD15.csv,41207
/home/gloryi/Pictures/FlickrSets/stocks_datasets/USA500IDXUSD15.csv,41237
/home/gloryi/Pictures/FlickrSets/stocks_datasets/USA500IDXUSD15.csv,41267
/home/gloryi/Pictures/FlickrSets/stocks_datasets/BRENTCMDUSD15.csv,51149
/home/gloryi/Pictures/FlickrSets/stocks_datasets/BRENTCMDUSD15.csv,51179
/home/gloryi/Pictures/FlickrSets/stocks_datasets/BRENTCMDUSD15.csv,51209
/home/gloryi/Pictures/FlickrSets/stocks_datasets/BRENTCMDUSD15.csv,51239
/home/gloryi/Pictures/FlickrSets/stocks_datasets/BRENTCMDUSD15.csv,51269
/home/gloryi/Pictures/FlickrSets/stocks_datasets/EURAUD15.csv,25767
/home/gloryi/Pictures/FlickrSets/stocks_datasets/EURAUD15.csv,25797
/home/gloryi/Pictures/FlickrSets/stocks_datasets/EURAUD15.csv,25827
/home/gloryi/Pictures/FlickrSets/stocks_datasets/EURAUD15.csv,25857
/home/gloryi/Pictures/FlickrSets/stocks_datasets/EURAUD15.csv,25887
/home/gloryi/Pictures/FlickrSets/stocks_datasets/BRENTCMDUSD15.csv,19329
/home/gloryi/Pictures/FlickrSets/stocks_datasets/BRENTCMDUSD15.csv,19359
/home/gloryi/Pictures/FlickrSets/stocks_datasets/BRENTCMDUSD15.csv,19389
/home/gloryi/Pictures/FlickrSets/stocks_datasets/BRENTCMDUSD15.csv,19419
/home/gloryi/Pictures/FlickrSets/stocks_datasets/BRENTCMDUSD15.csv,19449
/home/gloryi/Pictures/FlickrSets/stocks_datasets/EURAUD15.csv,28107
/home/gloryi/Pictures/FlickrSets/stocks_datasets/EURAUD15.csv,28137
/home/gloryi/Pictures/FlickrSets/stocks_datasets/EURAUD15.csv,28167
/home/gloryi/Pictures/FlickrSets/stocks_datasets/EURAUD15.csv,28197
/home/gloryi/Pictures/FlickrSets/stocks_datasets/EURAUD15.csv,28227
/home/gloryi/Pictures/FlickrSets/stocks_datasets/XAGUSD15.csv,62152
/home/gloryi/Pictures/FlickrSets/stocks_datasets/XAGUSD15.csv,62182
/home/gloryi/Pictures/FlickrSets/stocks_datasets/XAGUSD15.csv,62212
/home/gloryi/Pictures/FlickrSets/stocks_datasets/XAGUSD15.csv,62242
/home/gloryi/Pictures/FlickrSets/stocks_datasets/XAGUSD15.csv,62272
/home/gloryi/Pictures/FlickrSets/stocks_datasets/USA500IDXUSD15.csv,89119
/home/gloryi/Pictures/FlickrSets/stocks_datasets/USA500IDXUSD15.csv,89149
/home/gloryi/Pictures/FlickrSets/stocks_datasets/USA500IDXUSD15.csv,89179
/home/gloryi/Pictures/FlickrSets/stocks_datasets/USA500IDXUSD15.csv,89209
/home/gloryi/Pictures/FlickrSets/stocks_datasets/USA500IDXUSD15.csv,89239
/home/gloryi/Pictures/FlickrSets/stocks_datasets/XAGUSD15.csv,80126
/home/gloryi/Pictures/FlickrSets/stocks_datasets/XAGUSD15.csv,80156
/home/gloryi/Pictures/FlickrSets/stocks_datasets/XAGUSD15.csv,80186
/home/gloryi/Pictures/FlickrSets/stocks_datasets/XAGUSD15.csv,80216
/home/gloryi/Pictures/FlickrSets/stocks_datasets/XAGUSD15.csv,80246
/home/gloryi/Pictures/FlickrSets/stocks_datasets/USA30IDXUSD15.csv,30198
/home/gloryi/Pictures/FlickrSets/stocks_datasets/USA30IDXUSD15.csv,30228
/home/gloryi/Pictures/FlickrSets/stocks_datasets/USA30IDXUSD15.csv,30258
/home/gloryi/Pictures/FlickrSets/stocks_datasets/USA30IDXUSD15.csv,30288
/home/gloryi/Pictures/FlickrSets/stocks_datasets/USA30IDXUSD15.csv,30318
/home/gloryi/Pictures/FlickrSets/stocks_datasets/CHFJPY15.csv,48250
/home/gloryi/Pictures/FlickrSets/stocks_datasets/CHFJPY15.csv,48280
/home/gloryi/Pictures/FlickrSets/stocks_datasets/CHFJPY15.csv,48310
/home/gloryi/Pictures/FlickrSets/stocks_datasets/CHFJPY15.csv,48340
/home/gloryi/Pictures/FlickrSets/stocks_datasets/CHFJPY15.csv,48370
/home/gloryi/Pictures/FlickrSets/stocks_datasets/EURAUD15.csv,91293
/home/gloryi/Pictures/FlickrSets/stocks_datasets/EURAUD15.csv,91323
/home/gloryi/Pictures/FlickrSets/stocks_datasets/EURAUD15.csv,91353
/home/gloryi/Pictures/FlickrSets/stocks_datasets/EURAUD15.csv,91383
/home/gloryi/Pictures/FlickrSets/stocks_datasets/EURAUD15.csv,91413
/home/gloryi/Pictures/FlickrSets/stocks_datasets/EURAUD15.csv,67824
/home/gloryi/Pictures/FlickrSets/stocks_datasets/EURAUD15.csv,67854
/home/gloryi/Pictures/FlickrSets/stocks_datasets/EURAUD15.csv,67884
/home/gloryi/Pictures/FlickrSets/stocks_datasets/EURAUD15.csv,67914
/home/gloryi/Pictures/FlickrSets/stocks_datasets/EURAUD15.csv,67944
/home/gloryi/Pictures/FlickrSets/stocks_datasets/BRENTCMDUSD15.csv,61866
/home/gloryi/Pictures/FlickrSets/stocks_datasets/BRENTCMDUSD15.csv,61896
/home/gloryi/Pictures/FlickrSets/stocks_datasets/BRENTCMDUSD15.csv,61926
/home/gloryi/Pictures/FlickrSets/stocks_datasets/BRENTCMDUSD15.csv,61956
/home/gloryi/Pictures/FlickrSets/stocks_datasets/BRENTCMDUSD15.csv,61986
/home/gloryi/Pictures/FlickrSets/stocks_datasets/CHFJPY15.csv,36697
/home/gloryi/Pictures/FlickrSets/stocks_datasets/CHFJPY15.csv,36727
/home/gloryi/Pictures/FlickrSets/stocks_datasets/CHFJPY15.csv,36757
/home/gloryi/Pictures/FlickrSets/stocks_datasets/CHFJPY15.csv,36787
/home/gloryi/Pictures/FlickrSets/stocks_datasets/CHFJPY15.csv,36817
/home/gloryi/Pictures/FlickrSets/stocks_datasets/CHFJPY15.csv,57445
/home/gloryi/Pictures/FlickrSets/stocks_datasets/CHFJPY15.csv,57475
/home/gloryi/Pictures/FlickrSets/stocks_datasets/CHFJPY15.csv,57505
/home/gloryi/Pictures/FlickrSets/stocks_datasets/CHFJPY15.csv,57535
/home/gloryi/Pictures/FlickrSets/stocks_datasets/CHFJPY15.csv,57565
/home/gloryi/Pictures/FlickrSets/stocks_datasets/CHFJPY15.csv,36759
/home/gloryi/Pictures/FlickrSets/stocks_datasets/CHFJPY15.csv,36789
/home/gloryi/Pictures/FlickrSets/stocks_datasets/CHFJPY15.csv,36819
/home/gloryi/Pictures/FlickrSets/stocks_datasets/CHFJPY15.csv,36849
/home/gloryi/Pictures/FlickrSets/stocks_datasets/CHFJPY15.csv,36879
/home/gloryi/Pictures/FlickrSets/stocks_datasets/CHFJPY15.csv,60551
/home/gloryi/Pictures/FlickrSets/stocks_datasets/CHFJPY15.csv,60581
/home/gloryi/Pictures/FlickrSets/stocks_datasets/CHFJPY15.csv,60611
/home/gloryi/Pictures/FlickrSets/stocks_datasets/CHFJPY15.csv,60641
/home/gloryi/Pictures/FlickrSets/stocks_datasets/CHFJPY15.csv,60671
/home/gloryi/Pictures/FlickrSets/stocks_datasets/USA30IDXUSD15.csv,4792
/home/gloryi/Pictures/FlickrSets/stocks_datasets/USA30IDXUSD15.csv,4822
/home/gloryi/Pictures/FlickrSets/stocks_datasets/USA30IDXUSD15.csv,4852
/home/gloryi/Pictures/FlickrSets/stocks_datasets/USA30IDXUSD15.csv,4882
/home/gloryi/Pictures/FlickrSets/stocks_datasets/USA30IDXUSD15.csv,4912
/home/gloryi/Pictures/FlickrSets/stocks_datasets/BRENTCMDUSD15.csv,93523
/home/gloryi/Pictures/FlickrSets/stocks_datasets/BRENTCMDUSD15.csv,93553
/home/gloryi/Pictures/FlickrSets/stocks_datasets/BRENTCMDUSD15.csv,93583
/home/gloryi/Pictures/FlickrSets/stocks_datasets/BRENTCMDUSD15.csv,93613
/home/gloryi/Pictures/FlickrSets/stocks_datasets/BRENTCMDUSD15.csv,93643
/home/gloryi/Pictures/FlickrSets/stocks_datasets/XAGUSD15.csv,95936
/home/gloryi/Pictures/FlickrSets/stocks_datasets/XAGUSD15.csv,95966
/home/gloryi/Pictures/FlickrSets/stocks_datasets/XAGUSD15.csv,95996
/home/gloryi/Pictures/FlickrSets/stocks_datasets/XAGUSD15.csv,96026
/home/gloryi/Pictures/FlickrSets/stocks_datasets/XAGUSD15.csv,96056
/home/gloryi/Pictures/FlickrSets/stocks_datasets/EURAUD15.csv,21525
/home/gloryi/Pictures/FlickrSets/stocks_datasets/EURAUD15.csv,21555
/home/gloryi/Pictures/FlickrSets/stocks_datasets/EURAUD15.csv,21585
/home/gloryi/Pictures/FlickrSets/stocks_datasets/EURAUD15.csv,21615
/home/gloryi/Pictures/FlickrSets/stocks_datasets/EURAUD15.csv,21645
/home/gloryi/Pictures/FlickrSets/stocks_datasets/BRENTCMDUSD15.csv,43375
/home/gloryi/Pictures/FlickrSets/stocks_datasets/BRENTCMDUSD15.csv,43405
/home/gloryi/Pictures/FlickrSets/stocks_datasets/BRENTCMDUSD15.csv,43435
/home/gloryi/Pictures/FlickrSets/stocks_datasets/BRENTCMDUSD15.csv,43465
/home/gloryi/Pictures/FlickrSets/stocks_datasets/BRENTCMDUSD15.csv,43495
/home/gloryi/Pictures/FlickrSets/stocks_datasets/BRENTCMDUSD15.csv,27937
/home/gloryi/Pictures/FlickrSets/stocks_datasets/BRENTCMDUSD15.csv,27967
/home/gloryi/Pictures/FlickrSets/stocks_datasets/BRENTCMDUSD15.csv,27997
/home/gloryi/Pictures/FlickrSets/stocks_datasets/BRENTCMDUSD15.csv,28027
/home/gloryi/Pictures/FlickrSets/stocks_datasets/BRENTCMDUSD15.csv,28057
/home/gloryi/Pictures/FlickrSets/stocks_datasets/BRENTCMDUSD15.csv,78098
/home/gloryi/Pictures/FlickrSets/stocks_datasets/BRENTCMDUSD15.csv,78128
/home/gloryi/Pictures/FlickrSets/stocks_datasets/BRENTCMDUSD15.csv,78158
/home/gloryi/Pictures/FlickrSets/stocks_datasets/BRENTCMDUSD15.csv,78188
/home/gloryi/Pictures/FlickrSets/stocks_datasets/BRENTCMDUSD15.csv,78218
/home/gloryi/Pictures/FlickrSets/stocks_datasets/CHFJPY15.csv,87931
/home/gloryi/Pictures/FlickrSets/stocks_datasets/CHFJPY15.csv,87961
/home/gloryi/Pictures/FlickrSets/stocks_datasets/CHFJPY15.csv,87991
/home/gloryi/Pictures/FlickrSets/stocks_datasets/CHFJPY15.csv,88021
/home/gloryi/Pictures/FlickrSets/stocks_datasets/CHFJPY15.csv,88051
/home/gloryi/Pictures/FlickrSets/stocks_datasets/XAGUSD15.csv,76048
/home/gloryi/Pictures/FlickrSets/stocks_datasets/XAGUSD15.csv,76078
/home/gloryi/Pictures/FlickrSets/stocks_datasets/XAGUSD15.csv,76108
/home/gloryi/Pictures/FlickrSets/stocks_datasets/XAGUSD15.csv,76138
/home/gloryi/Pictures/FlickrSets/stocks_datasets/XAGUSD15.csv,76168
/home/gloryi/Pictures/FlickrSets/stocks_datasets/BRENTCMDUSD15.csv,53968
/home/gloryi/Pictures/FlickrSets/stocks_datasets/BRENTCMDUSD15.csv,53998
/home/gloryi/Pictures/FlickrSets/stocks_datasets/BRENTCMDUSD15.csv,54028
/home/gloryi/Pictures/FlickrSets/stocks_datasets/BRENTCMDUSD15.csv,54058
/home/gloryi/Pictures/FlickrSets/stocks_datasets/BRENTCMDUSD15.csv,54088
/home/gloryi/Pictures/FlickrSets/stocks_datasets/USA500IDXUSD15.csv,92361
/home/gloryi/Pictures/FlickrSets/stocks_datasets/USA500IDXUSD15.csv,92391
/home/gloryi/Pictures/FlickrSets/stocks_datasets/USA500IDXUSD15.csv,92421
/home/gloryi/Pictures/FlickrSets/stocks_datasets/USA500IDXUSD15.csv,92451
/home/gloryi/Pictures/FlickrSets/stocks_datasets/USA500IDXUSD15.csv,92481
/home/gloryi/Pictures/FlickrSets/stocks_datasets/XAGUSD15.csv,4890
/home/gloryi/Pictures/FlickrSets/stocks_datasets/XAGUSD15.csv,4920
/home/gloryi/Pictures/FlickrSets/stocks_datasets/XAGUSD15.csv,4950
/home/gloryi/Pictures/FlickrSets/stocks_datasets/XAGUSD15.csv,4980
/home/gloryi/Pictures/FlickrSets/stocks_datasets/XAGUSD15.csv,5010
/home/gloryi/Pictures/FlickrSets/stocks_datasets/EURAUD15.csv,22214
/home/gloryi/Pictures/FlickrSets/stocks_datasets/EURAUD15.csv,22244
/home/gloryi/Pictures/FlickrSets/stocks_datasets/EURAUD15.csv,22274
/home/gloryi/Pictures/FlickrSets/stocks_datasets/EURAUD15.csv,22304
/home/gloryi/Pictures/FlickrSets/stocks_datasets/EURAUD15.csv,22334
/home/gloryi/Pictures/FlickrSets/stocks_datasets/BRENTCMDUSD15.csv,36269
/home/gloryi/Pictures/FlickrSets/stocks_datasets/BRENTCMDUSD15.csv,36299
/home/gloryi/Pictures/FlickrSets/stocks_datasets/BRENTCMDUSD15.csv,36329
/home/gloryi/Pictures/FlickrSets/stocks_datasets/BRENTCMDUSD15.csv,36359
/home/gloryi/Pictures/FlickrSets/stocks_datasets/BRENTCMDUSD15.csv,36389
/home/gloryi/Pictures/FlickrSets/stocks_datasets/USA30IDXUSD15.csv,78370
/home/gloryi/Pictures/FlickrSets/stocks_datasets/USA30IDXUSD15.csv,78400
/home/gloryi/Pictures/FlickrSets/stocks_datasets/USA30IDXUSD15.csv,78430
/home/gloryi/Pictures/FlickrSets/stocks_datasets/USA30IDXUSD15.csv,78460
/home/gloryi/Pictures/FlickrSets/stocks_datasets/USA30IDXUSD15.csv,78490
/home/gloryi/Pictures/FlickrSets/stocks_datasets/XAGUSD15.csv,69322
/home/gloryi/Pictures/FlickrSets/stocks_datasets/XAGUSD15.csv,69352
/home/gloryi/Pictures/FlickrSets/stocks_datasets/XAGUSD15.csv,69382
/home/gloryi/Pictures/FlickrSets/stocks_datasets/XAGUSD15.csv,69412
/home/gloryi/Pictures/FlickrSets/stocks_datasets/XAGUSD15.csv,69442
/home/gloryi/Pictures/FlickrSets/stocks_datasets/CHFJPY15.csv,12858
/home/gloryi/Pictures/FlickrSets/stocks_datasets/CHFJPY15.csv,12888
/home/gloryi/Pictures/FlickrSets/stocks_datasets/CHFJPY15.csv,12918
/home/gloryi/Pictures/FlickrSets/stocks_datasets/CHFJPY15.csv,12948
/home/gloryi/Pictures/FlickrSets/stocks_datasets/CHFJPY15.csv,12978
/home/gloryi/Pictures/FlickrSets/stocks_datasets/BRENTCMDUSD15.csv,82022
/home/gloryi/Pictures/FlickrSets/stocks_datasets/BRENTCMDUSD15.csv,82052
/home/gloryi/Pictures/FlickrSets/stocks_datasets/BRENTCMDUSD15.csv,82082
/home/gloryi/Pictures/FlickrSets/stocks_datasets/BRENTCMDUSD15.csv,82112
/home/gloryi/Pictures/FlickrSets/stocks_datasets/BRENTCMDUSD15.csv,82142
/home/gloryi/Pictures/FlickrSets/stocks_datasets/EURAUD15.csv,96598
/home/gloryi/Pictures/FlickrSets/stocks_datasets/EURAUD15.csv,96628
/home/gloryi/Pictures/FlickrSets/stocks_datasets/EURAUD15.csv,96658
/home/gloryi/Pictures/FlickrSets/stocks_datasets/EURAUD15.csv,96688
/home/gloryi/Pictures/FlickrSets/stocks_datasets/EURAUD15.csv,96718
/home/gloryi/Pictures/FlickrSets/stocks_datasets/EURAUD15.csv,97882
/home/gloryi/Pictures/FlickrSets/stocks_datasets/EURAUD15.csv,97912
/home/gloryi/Pictures/FlickrSets/stocks_datasets/EURAUD15.csv,97942
/home/gloryi/Pictures/FlickrSets/stocks_datasets/EURAUD15.csv,97972
/home/gloryi/Pictures/FlickrSets/stocks_datasets/EURAUD15.csv,98002
/home/gloryi/Pictures/FlickrSets/stocks_datasets/XAGUSD15.csv,47648
/home/gloryi/Pictures/FlickrSets/stocks_datasets/XAGUSD15.csv,47678
/home/gloryi/Pictures/FlickrSets/stocks_datasets/XAGUSD15.csv,47708
/home/gloryi/Pictures/FlickrSets/stocks_datasets/XAGUSD15.csv,47738
/home/gloryi/Pictures/FlickrSets/stocks_datasets/XAGUSD15.csv,47768
/home/gloryi/Pictures/FlickrSets/stocks_datasets/CHFJPY15.csv,75606
/home/gloryi/Pictures/FlickrSets/stocks_datasets/CHFJPY15.csv,75636
/home/gloryi/Pictures/FlickrSets/stocks_datasets/CHFJPY15.csv,75666
/home/gloryi/Pictures/FlickrSets/stocks_datasets/CHFJPY15.csv,75696
/home/gloryi/Pictures/FlickrSets/stocks_datasets/CHFJPY15.csv,75726
/home/gloryi/Pictures/FlickrSets/stocks_datasets/USA500IDXUSD15.csv,8536
/home/gloryi/Pictures/FlickrSets/stocks_datasets/USA500IDXUSD15.csv,8566
/home/gloryi/Pictures/FlickrSets/stocks_datasets/USA500IDXUSD15.csv,8596
/home/gloryi/Pictures/FlickrSets/stocks_datasets/USA500IDXUSD15.csv,8626
/home/gloryi/Pictures/FlickrSets/stocks_datasets/USA500IDXUSD15.csv,8656
/home/gloryi/Pictures/FlickrSets/stocks_datasets/CHFJPY15.csv,16205
/home/gloryi/Pictures/FlickrSets/stocks_datasets/CHFJPY15.csv,16235
/home/gloryi/Pictures/FlickrSets/stocks_datasets/CHFJPY15.csv,16265
/home/gloryi/Pictures/FlickrSets/stocks_datasets/CHFJPY15.csv,16295
/home/gloryi/Pictures/FlickrSets/stocks_datasets/CHFJPY15.csv,16325
/home/gloryi/Pictures/FlickrSets/stocks_datasets/BRENTCMDUSD15.csv,80391
/home/gloryi/Pictures/FlickrSets/stocks_datasets/BRENTCMDUSD15.csv,80421
/home/gloryi/Pictures/FlickrSets/stocks_datasets/BRENTCMDUSD15.csv,80451
/home/gloryi/Pictures/FlickrSets/stocks_datasets/BRENTCMDUSD15.csv,80481
/home/gloryi/Pictures/FlickrSets/stocks_datasets/BRENTCMDUSD15.csv,80511
/home/gloryi/Pictures/FlickrSets/stocks_datasets/EURAUD15.csv,80155
/home/gloryi/Pictures/FlickrSets/stocks_datasets/EURAUD15.csv,80185
/home/gloryi/Pictures/FlickrSets/stocks_datasets/EURAUD15.csv,80215
/home/gloryi/Pictures/FlickrSets/stocks_datasets/EURAUD15.csv,80245
/home/gloryi/Pictures/FlickrSets/stocks_datasets/EURAUD15.csv,80275
/home/gloryi/Pictures/FlickrSets/stocks_datasets/BRENTCMDUSD15.csv,71908
/home/gloryi/Pictures/FlickrSets/stocks_datasets/BRENTCMDUSD15.csv,71938
/home/gloryi/Pictures/FlickrSets/stocks_datasets/BRENTCMDUSD15.csv,71968
/home/gloryi/Pictures/FlickrSets/stocks_datasets/BRENTCMDUSD15.csv,71998
/home/gloryi/Pictures/FlickrSets/stocks_datasets/BRENTCMDUSD15.csv,72028
/home/gloryi/Pictures/FlickrSets/stocks_datasets/EURAUD15.csv,78031
/home/gloryi/Pictures/FlickrSets/stocks_datasets/EURAUD15.csv,78061
/home/gloryi/Pictures/FlickrSets/stocks_datasets/EURAUD15.csv,78091
/home/gloryi/Pictures/FlickrSets/stocks_datasets/EURAUD15.csv,78121
/home/gloryi/Pictures/FlickrSets/stocks_datasets/EURAUD15.csv,78151
/home/gloryi/Pictures/FlickrSets/stocks_datasets/USA30IDXUSD15.csv,7077
/home/gloryi/Pictures/FlickrSets/stocks_datasets/USA30IDXUSD15.csv,7107
/home/gloryi/Pictures/FlickrSets/stocks_datasets/USA30IDXUSD15.csv,7137
/home/gloryi/Pictures/FlickrSets/stocks_datasets/USA30IDXUSD15.csv,7167
/home/gloryi/Pictures/FlickrSets/stocks_datasets/USA30IDXUSD15.csv,7197
/home/gloryi/Pictures/FlickrSets/stocks_datasets/XAGUSD15.csv,37815
/home/gloryi/Pictures/FlickrSets/stocks_datasets/XAGUSD15.csv,37845
/home/gloryi/Pictures/FlickrSets/stocks_datasets/XAGUSD15.csv,37875
/home/gloryi/Pictures/FlickrSets/stocks_datasets/XAGUSD15.csv,37905
/home/gloryi/Pictures/FlickrSets/stocks_datasets/XAGUSD15.csv,37935
/home/gloryi/Pictures/FlickrSets/stocks_datasets/USA500IDXUSD15.csv,88146
/home/gloryi/Pictures/FlickrSets/stocks_datasets/USA500IDXUSD15.csv,88176
/home/gloryi/Pictures/FlickrSets/stocks_datasets/USA500IDXUSD15.csv,88206
/home/gloryi/Pictures/FlickrSets/stocks_datasets/USA500IDXUSD15.csv,88236
/home/gloryi/Pictures/FlickrSets/stocks_datasets/USA500IDXUSD15.csv,88266
/home/gloryi/Pictures/FlickrSets/stocks_datasets/BRENTCMDUSD15.csv,12832
/home/gloryi/Pictures/FlickrSets/stocks_datasets/BRENTCMDUSD15.csv,12862
/home/gloryi/Pictures/FlickrSets/stocks_datasets/BRENTCMDUSD15.csv,12892
/home/gloryi/Pictures/FlickrSets/stocks_datasets/BRENTCMDUSD15.csv,12922
/home/gloryi/Pictures/FlickrSets/stocks_datasets/BRENTCMDUSD15.csv,12952
/home/gloryi/Pictures/FlickrSets/stocks_datasets/EURAUD15.csv,65003
/home/gloryi/Pictures/FlickrSets/stocks_datasets/EURAUD15.csv,65033
/home/gloryi/Pictures/FlickrSets/stocks_datasets/EURAUD15.csv,65063
/home/gloryi/Pictures/FlickrSets/stocks_datasets/EURAUD15.csv,65093
/home/gloryi/Pictures/FlickrSets/stocks_datasets/EURAUD15.csv,65123
/home/gloryi/Pictures/FlickrSets/stocks_datasets/CHFJPY15.csv,60042
/home/gloryi/Pictures/FlickrSets/stocks_datasets/CHFJPY15.csv,60072
/home/gloryi/Pictures/FlickrSets/stocks_datasets/CHFJPY15.csv,60102
/home/gloryi/Pictures/FlickrSets/stocks_datasets/CHFJPY15.csv,60132
/home/gloryi/Pictures/FlickrSets/stocks_datasets/CHFJPY15.csv,60162
/home/gloryi/Pictures/FlickrSets/stocks_datasets/CHFJPY15.csv,82184
/home/gloryi/Pictures/FlickrSets/stocks_datasets/CHFJPY15.csv,82214
/home/gloryi/Pictures/FlickrSets/stocks_datasets/CHFJPY15.csv,82244
/home/gloryi/Pictures/FlickrSets/stocks_datasets/CHFJPY15.csv,82274
/home/gloryi/Pictures/FlickrSets/stocks_datasets/CHFJPY15.csv,82304
/home/gloryi/Pictures/FlickrSets/stocks_datasets/USA30IDXUSD15.csv,42920
/home/gloryi/Pictures/FlickrSets/stocks_datasets/USA30IDXUSD15.csv,42950
/home/gloryi/Pictures/FlickrSets/stocks_datasets/USA30IDXUSD15.csv,42980
/home/gloryi/Pictures/FlickrSets/stocks_datasets/USA30IDXUSD15.csv,43010
/home/gloryi/Pictures/FlickrSets/stocks_datasets/USA30IDXUSD15.csv,43040
/home/gloryi/Pictures/FlickrSets/stocks_datasets/CHFJPY15.csv,15282
/home/gloryi/Pictures/FlickrSets/stocks_datasets/CHFJPY15.csv,15312
/home/gloryi/Pictures/FlickrSets/stocks_datasets/CHFJPY15.csv,15342
/home/gloryi/Pictures/FlickrSets/stocks_datasets/CHFJPY15.csv,15372
/home/gloryi/Pictures/FlickrSets/stocks_datasets/CHFJPY15.csv,15402
/home/gloryi/Pictures/FlickrSets/stocks_datasets/USA30IDXUSD15.csv,52527
/home/gloryi/Pictures/FlickrSets/stocks_datasets/USA30IDXUSD15.csv,52557
/home/gloryi/Pictures/FlickrSets/stocks_datasets/USA30IDXUSD15.csv,52587
/home/gloryi/Pictures/FlickrSets/stocks_datasets/USA30IDXUSD15.csv,52617
/home/gloryi/Pictures/FlickrSets/stocks_datasets/USA30IDXUSD15.csv,52647
/home/gloryi/Pictures/FlickrSets/stocks_datasets/CHFJPY15.csv,55112
/home/gloryi/Pictures/FlickrSets/stocks_datasets/CHFJPY15.csv,55142
/home/gloryi/Pictures/FlickrSets/stocks_datasets/CHFJPY15.csv,55172
/home/gloryi/Pictures/FlickrSets/stocks_datasets/CHFJPY15.csv,55202
/home/gloryi/Pictures/FlickrSets/stocks_datasets/CHFJPY15.csv,55232
/home/gloryi/Pictures/FlickrSets/stocks_datasets/EURAUD15.csv,75906
/home/gloryi/Pictures/FlickrSets/stocks_datasets/EURAUD15.csv,75936
/home/gloryi/Pictures/FlickrSets/stocks_datasets/EURAUD15.csv,75966
/home/gloryi/Pictures/FlickrSets/stocks_datasets/EURAUD15.csv,75996
/home/gloryi/Pictures/FlickrSets/stocks_datasets/EURAUD15.csv,76026
/home/gloryi/Pictures/FlickrSets/stocks_datasets/BRENTCMDUSD15.csv,1759
/home/gloryi/Pictures/FlickrSets/stocks_datasets/BRENTCMDUSD15.csv,1789
/home/gloryi/Pictures/FlickrSets/stocks_datasets/BRENTCMDUSD15.csv,1819
/home/gloryi/Pictures/FlickrSets/stocks_datasets/BRENTCMDUSD15.csv,1849
/home/gloryi/Pictures/FlickrSets/stocks_datasets/BRENTCMDUSD15.csv,1879
/home/gloryi/Pictures/FlickrSets/stocks_datasets/EURAUD15.csv,14358
/home/gloryi/Pictures/FlickrSets/stocks_datasets/EURAUD15.csv,14388
/home/gloryi/Pictures/FlickrSets/stocks_datasets/EURAUD15.csv,14418
/home/gloryi/Pictures/FlickrSets/stocks_datasets/EURAUD15.csv,14448
/home/gloryi/Pictures/FlickrSets/stocks_datasets/EURAUD15.csv,14478
/home/gloryi/Pictures/FlickrSets/stocks_datasets/USA30IDXUSD15.csv,21707
/home/gloryi/Pictures/FlickrSets/stocks_datasets/USA30IDXUSD15.csv,21737
/home/gloryi/Pictures/FlickrSets/stocks_datasets/USA30IDXUSD15.csv,21767
/home/gloryi/Pictures/FlickrSets/stocks_datasets/USA30IDXUSD15.csv,21797
/home/gloryi/Pictures/FlickrSets/stocks_datasets/USA30IDXUSD15.csv,21827
/home/gloryi/Pictures/FlickrSets/stocks_datasets/CHFJPY15.csv,41318
/home/gloryi/Pictures/FlickrSets/stocks_datasets/CHFJPY15.csv,41348
/home/gloryi/Pictures/FlickrSets/stocks_datasets/CHFJPY15.csv,41378
/home/gloryi/Pictures/FlickrSets/stocks_datasets/CHFJPY15.csv,41408
/home/gloryi/Pictures/FlickrSets/stocks_datasets/CHFJPY15.csv,41438
/home/gloryi/Pictures/FlickrSets/stocks_datasets/USA30IDXUSD15.csv,57706
/home/gloryi/Pictures/FlickrSets/stocks_datasets/USA30IDXUSD15.csv,57736
/home/gloryi/Pictures/FlickrSets/stocks_datasets/USA30IDXUSD15.csv,57766
/home/gloryi/Pictures/FlickrSets/stocks_datasets/USA30IDXUSD15.csv,57796
/home/gloryi/Pictures/FlickrSets/stocks_datasets/USA30IDXUSD15.csv,57826
/home/gloryi/Pictures/FlickrSets/stocks_datasets/BRENTCMDUSD15.csv,38940
/home/gloryi/Pictures/FlickrSets/stocks_datasets/BRENTCMDUSD15.csv,38970
/home/gloryi/Pictures/FlickrSets/stocks_datasets/BRENTCMDUSD15.csv,39000
/home/gloryi/Pictures/FlickrSets/stocks_datasets/BRENTCMDUSD15.csv,39030
/home/gloryi/Pictures/FlickrSets/stocks_datasets/BRENTCMDUSD15.csv,39060
/home/gloryi/Pictures/FlickrSets/stocks_datasets/EURAUD15.csv,55446
/home/gloryi/Pictures/FlickrSets/stocks_datasets/EURAUD15.csv,55476
/home/gloryi/Pictures/FlickrSets/stocks_datasets/EURAUD15.csv,55506
/home/gloryi/Pictures/FlickrSets/stocks_datasets/EURAUD15.csv,55536
/home/gloryi/Pictures/FlickrSets/stocks_datasets/EURAUD15.csv,55566
/home/gloryi/Pictures/FlickrSets/stocks_datasets/XAGUSD15.csv,94644
/home/gloryi/Pictures/FlickrSets/stocks_datasets/XAGUSD15.csv,94674
/home/gloryi/Pictures/FlickrSets/stocks_datasets/XAGUSD15.csv,94704
/home/gloryi/Pictures/FlickrSets/stocks_datasets/XAGUSD15.csv,94734
/home/gloryi/Pictures/FlickrSets/stocks_datasets/XAGUSD15.csv,94764
/home/gloryi/Pictures/FlickrSets/stocks_datasets/BRENTCMDUSD15.csv,32102
/home/gloryi/Pictures/FlickrSets/stocks_datasets/BRENTCMDUSD15.csv,32132
/home/gloryi/Pictures/FlickrSets/stocks_datasets/BRENTCMDUSD15.csv,32162
/home/gloryi/Pictures/FlickrSets/stocks_datasets/BRENTCMDUSD15.csv,32192
/home/gloryi/Pictures/FlickrSets/stocks_datasets/BRENTCMDUSD15.csv,32222
/home/gloryi/Pictures/FlickrSets/stocks_datasets/BRENTCMDUSD15.csv,6417
/home/gloryi/Pictures/FlickrSets/stocks_datasets/BRENTCMDUSD15.csv,6447
/home/gloryi/Pictures/FlickrSets/stocks_datasets/BRENTCMDUSD15.csv,6477
/home/gloryi/Pictures/FlickrSets/stocks_datasets/BRENTCMDUSD15.csv,6507
/home/gloryi/Pictures/FlickrSets/stocks_datasets/BRENTCMDUSD15.csv,6537
/home/gloryi/Pictures/FlickrSets/stocks_datasets/BRENTCMDUSD15.csv,90690
/home/gloryi/Pictures/FlickrSets/stocks_datasets/BRENTCMDUSD15.csv,90720
/home/gloryi/Pictures/FlickrSets/stocks_datasets/BRENTCMDUSD15.csv,90750
/home/gloryi/Pictures/FlickrSets/stocks_datasets/BRENTCMDUSD15.csv,90780
/home/gloryi/Pictures/FlickrSets/stocks_datasets/BRENTCMDUSD15.csv,90810
/home/gloryi/Pictures/FlickrSets/stocks_datasets/USA30IDXUSD15.csv,46599
/home/gloryi/Pictures/FlickrSets/stocks_datasets/USA30IDXUSD15.csv,46629
/home/gloryi/Pictures/FlickrSets/stocks_datasets/USA30IDXUSD15.csv,46659
/home/gloryi/Pictures/FlickrSets/stocks_datasets/USA30IDXUSD15.csv,46689
/home/gloryi/Pictures/FlickrSets/stocks_datasets/USA30IDXUSD15.csv,46719
/home/gloryi/Pictures/FlickrSets/stocks_datasets/XAGUSD15.csv,41612
/home/gloryi/Pictures/FlickrSets/stocks_datasets/XAGUSD15.csv,41642
/home/gloryi/Pictures/FlickrSets/stocks_datasets/XAGUSD15.csv,41672
/home/gloryi/Pictures/FlickrSets/stocks_datasets/XAGUSD15.csv,41702
/home/gloryi/Pictures/FlickrSets/stocks_datasets/XAGUSD15.csv,41732
/home/gloryi/Pictures/FlickrSets/stocks_datasets/USA500IDXUSD15.csv,21496
/home/gloryi/Pictures/FlickrSets/stocks_datasets/USA500IDXUSD15.csv,21526
/home/gloryi/Pictures/FlickrSets/stocks_datasets/USA500IDXUSD15.csv,21556
/home/gloryi/Pictures/FlickrSets/stocks_datasets/USA500IDXUSD15.csv,21586
/home/gloryi/Pictures/FlickrSets/stocks_datasets/USA500IDXUSD15.csv,21616
/home/gloryi/Pictures/FlickrSets/stocks_datasets/CHFJPY15.csv,68986
/home/gloryi/Pictures/FlickrSets/stocks_datasets/CHFJPY15.csv,69016
/home/gloryi/Pictures/FlickrSets/stocks_datasets/CHFJPY15.csv,69046
/home/gloryi/Pictures/FlickrSets/stocks_datasets/CHFJPY15.csv,69076
/home/gloryi/Pictures/FlickrSets/stocks_datasets/CHFJPY15.csv,69106
/home/gloryi/Pictures/FlickrSets/stocks_datasets/USA500IDXUSD15.csv,82774
/home/gloryi/Pictures/FlickrSets/stocks_datasets/USA500IDXUSD15.csv,82804
/home/gloryi/Pictures/FlickrSets/stocks_datasets/USA500IDXUSD15.csv,82834
/home/gloryi/Pictures/FlickrSets/stocks_datasets/USA500IDXUSD15.csv,82864
/home/gloryi/Pictures/FlickrSets/stocks_datasets/USA500IDXUSD15.csv,82894
/home/gloryi/Pictures/FlickrSets/stocks_datasets/CHFJPY15.csv,90636
/home/gloryi/Pictures/FlickrSets/stocks_datasets/CHFJPY15.csv,90666
/home/gloryi/Pictures/FlickrSets/stocks_datasets/CHFJPY15.csv,90696
/home/gloryi/Pictures/FlickrSets/stocks_datasets/CHFJPY15.csv,90726
/home/gloryi/Pictures/FlickrSets/stocks_datasets/CHFJPY15.csv,90756
/home/gloryi/Pictures/FlickrSets/stocks_datasets/USA500IDXUSD15.csv,74774
/home/gloryi/Pictures/FlickrSets/stocks_datasets/USA500IDXUSD15.csv,74804
/home/gloryi/Pictures/FlickrSets/stocks_datasets/USA500IDXUSD15.csv,74834
/home/gloryi/Pictures/FlickrSets/stocks_datasets/USA500IDXUSD15.csv,74864
/home/gloryi/Pictures/FlickrSets/stocks_datasets/USA500IDXUSD15.csv,74894
/home/gloryi/Pictures/FlickrSets/stocks_datasets/CHFJPY15.csv,53083
/home/gloryi/Pictures/FlickrSets/stocks_datasets/CHFJPY15.csv,53113
/home/gloryi/Pictures/FlickrSets/stocks_datasets/CHFJPY15.csv,53143
/home/gloryi/Pictures/FlickrSets/stocks_datasets/CHFJPY15.csv,53173
/home/gloryi/Pictures/FlickrSets/stocks_datasets/CHFJPY15.csv,53203
/home/gloryi/Pictures/FlickrSets/stocks_datasets/USA30IDXUSD15.csv,12377
/home/gloryi/Pictures/FlickrSets/stocks_datasets/USA30IDXUSD15.csv,12407
/home/gloryi/Pictures/FlickrSets/stocks_datasets/USA30IDXUSD15.csv,12437
/home/gloryi/Pictures/FlickrSets/stocks_datasets/USA30IDXUSD15.csv,12467
/home/gloryi/Pictures/FlickrSets/stocks_datasets/USA30IDXUSD15.csv,12497
/home/gloryi/Pictures/FlickrSets/stocks_datasets/BRENTCMDUSD15.csv,3919
/home/gloryi/Pictures/FlickrSets/stocks_datasets/BRENTCMDUSD15.csv,3949
/home/gloryi/Pictures/FlickrSets/stocks_datasets/BRENTCMDUSD15.csv,3979
/home/gloryi/Pictures/FlickrSets/stocks_datasets/BRENTCMDUSD15.csv,4009
/home/gloryi/Pictures/FlickrSets/stocks_datasets/BRENTCMDUSD15.csv,4039
/home/gloryi/Pictures/FlickrSets/stocks_datasets/USA30IDXUSD15.csv,69511
/home/gloryi/Pictures/FlickrSets/stocks_datasets/USA30IDXUSD15.csv,69541
/home/gloryi/Pictures/FlickrSets/stocks_datasets/USA30IDXUSD15.csv,69571
/home/gloryi/Pictures/FlickrSets/stocks_datasets/USA30IDXUSD15.csv,69601
/home/gloryi/Pictures/FlickrSets/stocks_datasets/USA30IDXUSD15.csv,69631
/home/gloryi/Pictures/FlickrSets/stocks_datasets/USA30IDXUSD15.csv,74325
/home/gloryi/Pictures/FlickrSets/stocks_datasets/USA30IDXUSD15.csv,74355
/home/gloryi/Pictures/FlickrSets/stocks_datasets/USA30IDXUSD15.csv,74385
/home/gloryi/Pictures/FlickrSets/stocks_datasets/USA30IDXUSD15.csv,74415
/home/gloryi/Pictures/FlickrSets/stocks_datasets/USA30IDXUSD15.csv,74445
/home/gloryi/Pictures/FlickrSets/stocks_datasets/USA500IDXUSD15.csv,3648
/home/gloryi/Pictures/FlickrSets/stocks_datasets/USA500IDXUSD15.csv,3678
/home/gloryi/Pictures/FlickrSets/stocks_datasets/USA500IDXUSD15.csv,3708
/home/gloryi/Pictures/FlickrSets/stocks_datasets/USA500IDXUSD15.csv,3738
/home/gloryi/Pictures/FlickrSets/stocks_datasets/USA500IDXUSD15.csv,3768
/home/gloryi/Pictures/FlickrSets/stocks_datasets/XAGUSD15.csv,16710
/home/gloryi/Pictures/FlickrSets/stocks_datasets/XAGUSD15.csv,16740
/home/gloryi/Pictures/FlickrSets/stocks_datasets/XAGUSD15.csv,16770
/home/gloryi/Pictures/FlickrSets/stocks_datasets/XAGUSD15.csv,16800
/home/gloryi/Pictures/FlickrSets/stocks_datasets/XAGUSD15.csv,16830
/home/gloryi/Pictures/FlickrSets/stocks_datasets/CHFJPY15.csv,15778
/home/gloryi/Pictures/FlickrSets/stocks_datasets/CHFJPY15.csv,15808
/home/gloryi/Pictures/FlickrSets/stocks_datasets/CHFJPY15.csv,15838
/home/gloryi/Pictures/FlickrSets/stocks_datasets/CHFJPY15.csv,15868
/home/gloryi/Pictures/FlickrSets/stocks_datasets/CHFJPY15.csv,15898
/home/gloryi/Pictures/FlickrSets/stocks_datasets/USA30IDXUSD15.csv,97834
/home/gloryi/Pictures/FlickrSets/stocks_datasets/USA30IDXUSD15.csv,97864
/home/gloryi/Pictures/FlickrSets/stocks_datasets/USA30IDXUSD15.csv,97894
/home/gloryi/Pictures/FlickrSets/stocks_datasets/USA30IDXUSD15.csv,97924
/home/gloryi/Pictures/FlickrSets/stocks_datasets/USA30IDXUSD15.csv,97954
/home/gloryi/Pictures/FlickrSets/stocks_datasets/CHFJPY15.csv,93884
/home/gloryi/Pictures/FlickrSets/stocks_datasets/CHFJPY15.csv,93914
/home/gloryi/Pictures/FlickrSets/stocks_datasets/CHFJPY15.csv,93944
/home/gloryi/Pictures/FlickrSets/stocks_datasets/CHFJPY15.csv,93974
/home/gloryi/Pictures/FlickrSets/stocks_datasets/CHFJPY15.csv,94004
/home/gloryi/Pictures/FlickrSets/stocks_datasets/XAGUSD15.csv,58157
/home/gloryi/Pictures/FlickrSets/stocks_datasets/XAGUSD15.csv,58187
/home/gloryi/Pictures/FlickrSets/stocks_datasets/XAGUSD15.csv,58217
/home/gloryi/Pictures/FlickrSets/stocks_datasets/XAGUSD15.csv,58247
/home/gloryi/Pictures/FlickrSets/stocks_datasets/XAGUSD15.csv,58277
/home/gloryi/Pictures/FlickrSets/stocks_datasets/USA30IDXUSD15.csv,27746
/home/gloryi/Pictures/FlickrSets/stocks_datasets/USA30IDXUSD15.csv,27776
/home/gloryi/Pictures/FlickrSets/stocks_datasets/USA30IDXUSD15.csv,27806
/home/gloryi/Pictures/FlickrSets/stocks_datasets/USA30IDXUSD15.csv,27836
/home/gloryi/Pictures/FlickrSets/stocks_datasets/USA30IDXUSD15.csv,27866
/home/gloryi/Pictures/FlickrSets/stocks_datasets/CHFJPY15.csv,37691
/home/gloryi/Pictures/FlickrSets/stocks_datasets/CHFJPY15.csv,37721
/home/gloryi/Pictures/FlickrSets/stocks_datasets/CHFJPY15.csv,37751
/home/gloryi/Pictures/FlickrSets/stocks_datasets/CHFJPY15.csv,37781
/home/gloryi/Pictures/FlickrSets/stocks_datasets/CHFJPY15.csv,37811
/home/gloryi/Pictures/FlickrSets/stocks_datasets/XAGUSD15.csv,65040
/home/gloryi/Pictures/FlickrSets/stocks_datasets/XAGUSD15.csv,65070
/home/gloryi/Pictures/FlickrSets/stocks_datasets/XAGUSD15.csv,65100
/home/gloryi/Pictures/FlickrSets/stocks_datasets/XAGUSD15.csv,65130
/home/gloryi/Pictures/FlickrSets/stocks_datasets/XAGUSD15.csv,65160
/home/gloryi/Pictures/FlickrSets/stocks_datasets/XAGUSD15.csv,68215
/home/gloryi/Pictures/FlickrSets/stocks_datasets/XAGUSD15.csv,68245
/home/gloryi/Pictures/FlickrSets/stocks_datasets/XAGUSD15.csv,68275
/home/gloryi/Pictures/FlickrSets/stocks_datasets/XAGUSD15.csv,68305
/home/gloryi/Pictures/FlickrSets/stocks_datasets/XAGUSD15.csv,68335
/home/gloryi/Pictures/FlickrSets/stocks_datasets/BRENTCMDUSD15.csv,61324
/home/gloryi/Pictures/FlickrSets/stocks_datasets/BRENTCMDUSD15.csv,61354
/home/gloryi/Pictures/FlickrSets/stocks_datasets/BRENTCMDUSD15.csv,61384
/home/gloryi/Pictures/FlickrSets/stocks_datasets/BRENTCMDUSD15.csv,61414
/home/gloryi/Pictures/FlickrSets/stocks_datasets/BRENTCMDUSD15.csv,61444
/home/gloryi/Pictures/FlickrSets/stocks_datasets/USA30IDXUSD15.csv,38145
/home/gloryi/Pictures/FlickrSets/stocks_datasets/USA30IDXUSD15.csv,38175
/home/gloryi/Pictures/FlickrSets/stocks_datasets/USA30IDXUSD15.csv,38205
/home/gloryi/Pictures/FlickrSets/stocks_datasets/USA30IDXUSD15.csv,38235
/home/gloryi/Pictures/FlickrSets/stocks_datasets/USA30IDXUSD15.csv,38265
/home/gloryi/Pictures/FlickrSets/stocks_datasets/USA500IDXUSD15.csv,27881
/home/gloryi/Pictures/FlickrSets/stocks_datasets/USA500IDXUSD15.csv,27911
/home/gloryi/Pictures/FlickrSets/stocks_datasets/USA500IDXUSD15.csv,27941
/home/gloryi/Pictures/FlickrSets/stocks_datasets/USA500IDXUSD15.csv,27971
/home/gloryi/Pictures/FlickrSets/stocks_datasets/USA500IDXUSD15.csv,28001
/home/gloryi/Pictures/FlickrSets/stocks_datasets/EURAUD15.csv,89808
/home/gloryi/Pictures/FlickrSets/stocks_datasets/EURAUD15.csv,89838
/home/gloryi/Pictures/FlickrSets/stocks_datasets/EURAUD15.csv,89868
/home/gloryi/Pictures/FlickrSets/stocks_datasets/EURAUD15.csv,89898
/home/gloryi/Pictures/FlickrSets/stocks_datasets/EURAUD15.csv,89928
/home/gloryi/Pictures/FlickrSets/stocks_datasets/USA500IDXUSD15.csv,45064
/home/gloryi/Pictures/FlickrSets/stocks_datasets/USA500IDXUSD15.csv,45094
/home/gloryi/Pictures/FlickrSets/stocks_datasets/USA500IDXUSD15.csv,45124
/home/gloryi/Pictures/FlickrSets/stocks_datasets/USA500IDXUSD15.csv,45154
/home/gloryi/Pictures/FlickrSets/stocks_datasets/USA500IDXUSD15.csv,45184
/home/gloryi/Pictures/FlickrSets/stocks_datasets/USA500IDXUSD15.csv,5478
/home/gloryi/Pictures/FlickrSets/stocks_datasets/USA500IDXUSD15.csv,5508
/home/gloryi/Pictures/FlickrSets/stocks_datasets/USA500IDXUSD15.csv,5538
/home/gloryi/Pictures/FlickrSets/stocks_datasets/USA500IDXUSD15.csv,5568
/home/gloryi/Pictures/FlickrSets/stocks_datasets/USA500IDXUSD15.csv,5598
/home/gloryi/Pictures/FlickrSets/stocks_datasets/CHFJPY15.csv,98902
/home/gloryi/Pictures/FlickrSets/stocks_datasets/CHFJPY15.csv,98932
/home/gloryi/Pictures/FlickrSets/stocks_datasets/CHFJPY15.csv,98962
/home/gloryi/Pictures/FlickrSets/stocks_datasets/CHFJPY15.csv,98992
/home/gloryi/Pictures/FlickrSets/stocks_datasets/CHFJPY15.csv,99022
/home/gloryi/Pictures/FlickrSets/stocks_datasets/XAGUSD15.csv,84062
/home/gloryi/Pictures/FlickrSets/stocks_datasets/XAGUSD15.csv,84092
/home/gloryi/Pictures/FlickrSets/stocks_datasets/XAGUSD15.csv,84122
/home/gloryi/Pictures/FlickrSets/stocks_datasets/XAGUSD15.csv,84152
/home/gloryi/Pictures/FlickrSets/stocks_datasets/XAGUSD15.csv,84182
/home/gloryi/Pictures/FlickrSets/stocks_datasets/BRENTCMDUSD15.csv,79524
/home/gloryi/Pictures/FlickrSets/stocks_datasets/BRENTCMDUSD15.csv,79554
/home/gloryi/Pictures/FlickrSets/stocks_datasets/BRENTCMDUSD15.csv,79584
/home/gloryi/Pictures/FlickrSets/stocks_datasets/BRENTCMDUSD15.csv,79614
/home/gloryi/Pictures/FlickrSets/stocks_datasets/BRENTCMDUSD15.csv,79644
/home/gloryi/Pictures/FlickrSets/stocks_datasets/EURAUD15.csv,98107
/home/gloryi/Pictures/FlickrSets/stocks_datasets/EURAUD15.csv,98137
/home/gloryi/Pictures/FlickrSets/stocks_datasets/EURAUD15.csv,98167
/home/gloryi/Pictures/FlickrSets/stocks_datasets/EURAUD15.csv,98197
/home/gloryi/Pictures/FlickrSets/stocks_datasets/EURAUD15.csv,98227
/home/gloryi/Pictures/FlickrSets/stocks_datasets/USA500IDXUSD15.csv,68440
/home/gloryi/Pictures/FlickrSets/stocks_datasets/USA500IDXUSD15.csv,68470
/home/gloryi/Pictures/FlickrSets/stocks_datasets/USA500IDXUSD15.csv,68500
/home/gloryi/Pictures/FlickrSets/stocks_datasets/USA500IDXUSD15.csv,68530
/home/gloryi/Pictures/FlickrSets/stocks_datasets/USA500IDXUSD15.csv,68560
/home/gloryi/Pictures/FlickrSets/stocks_datasets/USA30IDXUSD15.csv,32248
/home/gloryi/Pictures/FlickrSets/stocks_datasets/USA30IDXUSD15.csv,32278
/home/gloryi/Pictures/FlickrSets/stocks_datasets/USA30IDXUSD15.csv,32308
/home/gloryi/Pictures/FlickrSets/stocks_datasets/USA30IDXUSD15.csv,32338
/home/gloryi/Pictures/FlickrSets/stocks_datasets/USA30IDXUSD15.csv,32368
/home/gloryi/Pictures/FlickrSets/stocks_datasets/XAGUSD15.csv,98466
/home/gloryi/Pictures/FlickrSets/stocks_datasets/XAGUSD15.csv,98496
/home/gloryi/Pictures/FlickrSets/stocks_datasets/XAGUSD15.csv,98526
/home/gloryi/Pictures/FlickrSets/stocks_datasets/XAGUSD15.csv,98556
/home/gloryi/Pictures/FlickrSets/stocks_datasets/XAGUSD15.csv,98586
/home/gloryi/Pictures/FlickrSets/stocks_datasets/USA30IDXUSD15.csv,64742
/home/gloryi/Pictures/FlickrSets/stocks_datasets/USA30IDXUSD15.csv,64772
/home/gloryi/Pictures/FlickrSets/stocks_datasets/USA30IDXUSD15.csv,64802
/home/gloryi/Pictures/FlickrSets/stocks_datasets/USA30IDXUSD15.csv,64832
/home/gloryi/Pictures/FlickrSets/stocks_datasets/USA30IDXUSD15.csv,64862
/home/gloryi/Pictures/FlickrSets/stocks_datasets/CHFJPY15.csv,971
/home/gloryi/Pictures/FlickrSets/stocks_datasets/CHFJPY15.csv,1001
/home/gloryi/Pictures/FlickrSets/stocks_datasets/CHFJPY15.csv,1031
/home/gloryi/Pictures/FlickrSets/stocks_datasets/CHFJPY15.csv,1061
/home/gloryi/Pictures/FlickrSets/stocks_datasets/CHFJPY15.csv,1091
/home/gloryi/Pictures/FlickrSets/stocks_datasets/BRENTCMDUSD15.csv,59512
/home/gloryi/Pictures/FlickrSets/stocks_datasets/BRENTCMDUSD15.csv,59542
/home/gloryi/Pictures/FlickrSets/stocks_datasets/BRENTCMDUSD15.csv,59572
/home/gloryi/Pictures/FlickrSets/stocks_datasets/BRENTCMDUSD15.csv,59602
/home/gloryi/Pictures/FlickrSets/stocks_datasets/BRENTCMDUSD15.csv,59632
/home/gloryi/Pictures/FlickrSets/stocks_datasets/CHFJPY15.csv,11029
/home/gloryi/Pictures/FlickrSets/stocks_datasets/CHFJPY15.csv,11059
/home/gloryi/Pictures/FlickrSets/stocks_datasets/CHFJPY15.csv,11089
/home/gloryi/Pictures/FlickrSets/stocks_datasets/CHFJPY15.csv,11119
/home/gloryi/Pictures/FlickrSets/stocks_datasets/CHFJPY15.csv,11149
/home/gloryi/Pictures/FlickrSets/stocks_datasets/CHFJPY15.csv,78640
/home/gloryi/Pictures/FlickrSets/stocks_datasets/CHFJPY15.csv,78670
/home/gloryi/Pictures/FlickrSets/stocks_datasets/CHFJPY15.csv,78700
/home/gloryi/Pictures/FlickrSets/stocks_datasets/CHFJPY15.csv,78730
/home/gloryi/Pictures/FlickrSets/stocks_datasets/CHFJPY15.csv,78760
/home/gloryi/Pictures/FlickrSets/stocks_datasets/EURAUD15.csv,48245
/home/gloryi/Pictures/FlickrSets/stocks_datasets/EURAUD15.csv,48275
/home/gloryi/Pictures/FlickrSets/stocks_datasets/EURAUD15.csv,48305
/home/gloryi/Pictures/FlickrSets/stocks_datasets/EURAUD15.csv,48335
/home/gloryi/Pictures/FlickrSets/stocks_datasets/EURAUD15.csv,48365
/home/gloryi/Pictures/FlickrSets/stocks_datasets/CHFJPY15.csv,63800
/home/gloryi/Pictures/FlickrSets/stocks_datasets/CHFJPY15.csv,63830
/home/gloryi/Pictures/FlickrSets/stocks_datasets/CHFJPY15.csv,63860
/home/gloryi/Pictures/FlickrSets/stocks_datasets/CHFJPY15.csv,63890
/home/gloryi/Pictures/FlickrSets/stocks_datasets/CHFJPY15.csv,63920
/home/gloryi/Pictures/FlickrSets/stocks_datasets/USA30IDXUSD15.csv,39202
/home/gloryi/Pictures/FlickrSets/stocks_datasets/USA30IDXUSD15.csv,39232
/home/gloryi/Pictures/FlickrSets/stocks_datasets/USA30IDXUSD15.csv,39262
/home/gloryi/Pictures/FlickrSets/stocks_datasets/USA30IDXUSD15.csv,39292
/home/gloryi/Pictures/FlickrSets/stocks_datasets/USA30IDXUSD15.csv,39322
/home/gloryi/Pictures/FlickrSets/stocks_datasets/CHFJPY15.csv,60042
/home/gloryi/Pictures/FlickrSets/stocks_datasets/CHFJPY15.csv,60072
/home/gloryi/Pictures/FlickrSets/stocks_datasets/CHFJPY15.csv,60102
/home/gloryi/Pictures/FlickrSets/stocks_datasets/CHFJPY15.csv,60132
/home/gloryi/Pictures/FlickrSets/stocks_datasets/CHFJPY15.csv,60162
